expanded_urls,floofer,name,rating_denominator,rating_numerator,source,text,timestamp,tweet_id,stage,full_text,media_url,url,rt_count,fav_count,jpg_url,img_num,p1,p1_conf,p1_dog,p2,p2_conf,p2_dog,p3,p3_conf,p3_dog
https://twitter.com/dog_rates/status/890240255349198849/photo/1,,Cassie,10,14,"<a href=""http://twitter.com/download/iphone"" rel=""nofollow"">Twitter for iPhone</a>",This is Cassie. She is a college pup. Studying international doggo communication and stick theory. 14/10 so elegant much sophisticate https://t.co/t1bfwz5S2A,2017-07-26 15:59:51,890240255349198849,doggo,This is Cassie. She is a college pup. Studying international doggo communication and stick theory. 14/10 so elegant much sophisticate https://t.co/t1bfwz5S2A,https://pbs.twimg.com/media/DFrEyVuW0AAO3t9.jpg,https://t.co/t1bfwz5S2A,6656,29736,https://pbs.twimg.com/media/DFrEyVuW0AAO3t9.jpg,1,Pembroke,0.511319,True,Cardigan,0.451038,True,Chihuahua,0.0292482,True
https://twitter.com/dog_rates/status/884162670584377345/photo/1,,Yogi,10,12,"<a href=""http://twitter.com/download/iphone"" rel=""nofollow"">Twitter for iPhone</a>",Meet Yogi. He doesn't have any important dog meetings today he just enjoys looking his best at all times. 12/10 for dangerously dapper doggo https://t.co/YSI00BzTBZ,2017-07-09 21:29:42,884162670584377345,doggo,Meet Yogi. He doesn't have any important dog meetings today he just enjoys looking his best at all times. 12/10 for dangerously dapper doggo https://t.co/YSI00BzTBZ,https://pbs.twimg.com/media/DEUtQbzW0AUTv_o.jpg,https://t.co/YSI00BzTBZ,2717,19046,https://pbs.twimg.com/media/DEUtQbzW0AUTv_o.jpg,1,German_shepherd,0.707046,True,Malinois,0.199396,True,Norwegian_elkhound,0.0491476,True
"https://twitter.com/dog_rates/status/872967104147763200/photo/1,https://twitter.com/dog_rates/status/872967104147763200/photo/1",,NaN,10,12,"<a href=""http://twitter.com/download/iphone"" rel=""nofollow"">Twitter for iPhone</a>",Here's a very large dog. He has a date later. Politely asked this water person to check if his breath is bad. 12/10 good to go doggo https://t.co/EMYIdoblMR,2017-06-09 00:02:31,872967104147763200,doggo,Here's a very large dog. He has a date later. Politely asked this water person to check if his breath is bad. 12/10 good to go doggo https://t.co/EMYIdoblMR,https://pbs.twimg.com/media/DB1m871XkAUbCkY.jpg,https://t.co/EMYIdoblMR,4965,25573,https://pbs.twimg.com/media/DB1m871XUAAw5vZ.jpg,2,Labrador_retriever,0.476913,True,Chesapeake_bay_retriever,0.174145,True,German_short-haired_pointer,0.0928614,True
"https://twitter.com/dog_rates/status/871515927908634625/photo/1,https://twitter.com/dog_rates/status/871515927908634625/photo/1",,Napolean,10,12,"<a href=""http://twitter.com/download/iphone"" rel=""nofollow"">Twitter for iPhone</a>",This is Napolean. He's a Raggedy East Nicaraguan Zoom Zoom. Runs on one leg. Built for deception. No eyes. Good with kids. 12/10 great doggo https://t.co/PR7B7w1rUw,2017-06-04 23:56:03,871515927908634625,doggo,This is Napolean. He's a Raggedy East Nicaraguan Zoom Zoom. Runs on one leg. Built for deception. No eyes. Good with kids. 12/10 great doggo https://t.co/PR7B7w1rUw,https://pbs.twimg.com/media/DBg_HT8XUAEoyo_.jpg,https://t.co/PR7B7w1rUw,3200,18983,https://pbs.twimg.com/media/DBg_HT9WAAEeIMM.jpg,2,Komondor,0.974781,True,Briard,0.0200413,True,Swab,0.00322824,False
"https://twitter.com/dog_rates/status/869596645499047938/photo/1,https://twitter.com/dog_rates/status/869596645499047938/photo/1",,Scout,10,12,"<a href=""http://twitter.com/download/iphone"" rel=""nofollow"">Twitter for iPhone</a>",This is Scout. He just graduated. Officially a doggo now. Have fun with taxes and losing sight of your ambitions. 12/10 would throw cap for https://t.co/DsA2hwXAJo,2017-05-30 16:49:31,869596645499047938,doggo,This is Scout. He just graduated. Officially a doggo now. Have fun with taxes and losing sight of your ambitions. 12/10 would throw cap for https://t.co/DsA2hwXAJo,https://pbs.twimg.com/media/DBFtiYqWAAAsjj1.jpg,https://t.co/DsA2hwXAJo,2887,15061,https://pbs.twimg.com/media/DBFtiYqWAAAsjj1.jpg,1,Chihuahua,0.955156,True,Toy_terrier,0.00805373,True,Muzzle,0.00629563,False
https://twitter.com/dog_rates/status/858843525470990336/photo/1,,NaN,10,13,"<a href=""http://twitter.com/download/iphone"" rel=""nofollow"">Twitter for iPhone</a>",I have stumbled puppon a doggo painting party. They're looking to be the next Pupcasso or Puppollock. All 13/10 would put it on the fridge https://t.co/cUeDMlHJbq,2017-05-01 00:40:27,858843525470990336,doggo,I have stumbled puppon a doggo painting party. They're looking to be the next Pupcasso or Puppollock. All 13/10 would put it on the fridge https://t.co/cUeDMlHJbq,https://pbs.twimg.com/media/C-s5oYZXkAAMHHq.jpg,https://t.co/cUeDMlHJbq,3302,14951,https://pbs.twimg.com/media/C-s5oYZXkAAMHHq.jpg,1,Golden_retriever,0.57812,True,Labrador_retriever,0.286059,True,Bloodhound,0.0269173,True
https://twitter.com/dog_rates/status/855851453814013952/photo/1,,NaN,10,13,"<a href=""http://twitter.com/download/iphone"" rel=""nofollow"">Twitter for iPhone</a>",Here's a puppo participating in the #ScienceMarch. Cleverly disguising her own doggo agenda. 13/10 would keep the planet habitable for https://t.co/cMhq16isel,2017-04-22 18:31:02,855851453814013952,doggo,Here's a puppo participating in the #ScienceMarch. Cleverly disguising her own doggo agenda. 13/10 would keep the planet habitable for https://t.co/cMhq16isel,https://pbs.twimg.com/media/C-CYWrvWAAU8AXH.jpg,https://t.co/cMhq16isel,17274,44247,https://pbs.twimg.com/media/C-CYWrvWAAU8AXH.jpg,1,Flat-coated_retriever,0.321676,True,Labrador_retriever,0.115138,True,Groenendael,0.0960997,True
https://twitter.com/dog_rates/status/855851453814013952/photo/1,,NaN,10,13,"<a href=""http://twitter.com/download/iphone"" rel=""nofollow"">Twitter for iPhone</a>",Here's a puppo participating in the #ScienceMarch. Cleverly disguising her own doggo agenda. 13/10 would keep the planet habitable for https://t.co/cMhq16isel,2017-04-22 18:31:02,855851453814013952,puppo,Here's a puppo participating in the #ScienceMarch. Cleverly disguising her own doggo agenda. 13/10 would keep the planet habitable for https://t.co/cMhq16isel,https://pbs.twimg.com/media/C-CYWrvWAAU8AXH.jpg,https://t.co/cMhq16isel,17274,44247,https://pbs.twimg.com/media/C-CYWrvWAAU8AXH.jpg,1,Flat-coated_retriever,0.321676,True,Labrador_retriever,0.115138,True,Groenendael,0.0960997,True
"https://twitter.com/dog_rates/status/854010172552949760/photo/1,https://twitter.com/dog_rates/status/854010172552949760/photo/1",floofer,NaN,10,11,"<a href=""http://twitter.com/download/iphone"" rel=""nofollow"">Twitter for iPhone</a>","At first I thought this was a shy doggo, but it's actually a Rare Canadian Floofer Owl. Amateurs would confuse the two. 11/10 only send dogs https://t.co/TXdT3tmuYk",2017-04-17 16:34:26,854010172552949760,doggo,"At first I thought this was a shy doggo, but it's actually a Rare Canadian Floofer Owl. Amateurs would confuse the two. 11/10 only send dogs https://t.co/TXdT3tmuYk",https://pbs.twimg.com/media/C9oNt91WAAAFSLS.jpg,https://t.co/TXdT3tmuYk,3037,15766,https://pbs.twimg.com/media/C9oNt91WAAAFSLS.jpg,1,English_springer,0.354733,True,Collie,0.177538,True,Border_collie,0.131706,True
"https://twitter.com/dog_rates/status/846514051647705089/photo/1,https://twitter.com/dog_rates/status/846514051647705089/photo/1,https://twitter.com/dog_rates/status/846514051647705089/photo/1",,Barney,10,13,"<a href=""http://twitter.com/download/iphone"" rel=""nofollow"">Twitter for iPhone</a>",This is Barney. He's an elder doggo. Hitches a ride when he gets tired. Waves goodbye before he leaves. 13/10 please come back soon https://t.co/cFAasDXauK,2017-03-28 00:07:32,846514051647705089,doggo,This is Barney. He's an elder doggo. Hitches a ride when he gets tired. Waves goodbye before he leaves. 13/10 please come back soon https://t.co/cFAasDXauK,https://pbs.twimg.com/media/C79sB4yWkAEBJx_.jpg,https://t.co/cFAasDXauK,11332,43972,https://pbs.twimg.com/media/C79sB4xXwAEvwKY.jpg,2,Golden_retriever,0.650003,True,Leonberg,0.0651992,True,Norfolk_terrier,0.0529553,True
"https://www.gofundme.com/help-save-a-pup,https://twitter.com/dog_rates/status/845397057150107648/photo/1,https://twitter.com/dog_rates/status/845397057150107648/photo/1",,Mimosa,10,13,"<a href=""http://twitter.com/download/iphone"" rel=""nofollow"">Twitter for iPhone</a>","Say hello to Mimosa. She's an emotional support doggo who helps her owner with PTSD. 13/10, but she needs your help

https://t.co/L6mLzrd7Mx https://t.co/jMutBFdw5o",2017-03-24 22:08:59,845397057150107648,doggo,"Say hello to Mimosa. She's an emotional support doggo who helps her owner with PTSD. 13/10, but she needs your help

https://t.co/L6mLzrd7Mx https://t.co/jMutBFdw5o",https://pbs.twimg.com/media/C7t0IzLWkAINoft.jpg,https://t.co/jMutBFdw5o,1774,7531,https://pbs.twimg.com/media/C7t0IzLWkAINoft.jpg,1,Dandie_dinmont,0.394404,True,Maltese_dog,0.186537,True,West_highland_white_terrier,0.181985,True
https://twitter.com/dog_rates/status/836753516572119041/photo/1,,Meera,10,12,"<a href=""http://twitter.com/download/iphone"" rel=""nofollow"">Twitter for iPhone</a>",This is Meera. She just heard about taxes and how much a doghouse in a nice area costs. Not pupared to be a  doggo anymore. 12/10 https://t.co/GZmNEdyoJY,2017-03-01 01:42:39,836753516572119041,doggo,This is Meera. She just heard about taxes and how much a doghouse in a nice area costs. Not pupared to be a  doggo anymore. 12/10 https://t.co/GZmNEdyoJY,https://pbs.twimg.com/media/C5y-4VwWcAIcaoj.jpg,https://t.co/GZmNEdyoJY,4623,19259,https://pbs.twimg.com/media/C5y-4VwWcAIcaoj.jpg,1,Mortarboard,0.936882,False,Academic_gown,0.0208154,False,Schipperke,0.0115635,True
https://twitter.com/dog_rates/status/834574053763584002/photo/1,,NaN,10,13,"<a href=""http://twitter.com/download/iphone"" rel=""nofollow"">Twitter for iPhone</a>",Here's a doggo fully pupared for a shower. H*ckin exquisite balance. Sneaky tongue slip too. 13/10 https://t.co/UtEVnQ1ZPg,2017-02-23 01:22:14,834574053763584002,doggo,Here's a doggo fully pupared for a shower. H*ckin exquisite balance. Sneaky tongue slip too. 13/10 https://t.co/UtEVnQ1ZPg,https://pbs.twimg.com/media/C5UAqgyXAAAbMWH.jpg,https://t.co/UtEVnQ1ZPg,2528,13633,https://pbs.twimg.com/media/C5UAqgyXAAAbMWH.jpg,1,Toilet_tissue,0.262936,False,Golden_retriever,0.226564,True,Bathtub,0.07887899999999999,False
"https://twitter.com/dog_rates/status/832998151111966721/photo/1,https://twitter.com/dog_rates/status/832998151111966721/photo/1",,Rhino,10,13,"<a href=""http://twitter.com/download/iphone"" rel=""nofollow"">Twitter for iPhone</a>","This is Rhino. He arrived at a shelter with an elaborate doggo manual for his new family, written by someone who will always love him. 13/10 https://t.co/QX1h0oqMz0",2017-02-18 17:00:10,832998151111966721,doggo,"This is Rhino. He arrived at a shelter with an elaborate doggo manual for his new family, written by someone who will always love him. 13/10 https://t.co/QX1h0oqMz0",https://pbs.twimg.com/media/C49nZavUYAEJjGw.jpg,https://t.co/QX1h0oqMz0,2203,13257,https://pbs.twimg.com/media/C49nZavUYAEJjGw.jpg,1,Boxer,0.539036,True,French_bulldog,0.317617,True,Bull_mastiff,0.0939285,True
https://twitter.com/dog_rates/status/832273440279240704/video/1,,Smiley,10,14,"<a href=""http://twitter.com/download/iphone"" rel=""nofollow"">Twitter for iPhone</a>",Say hello to Smiley. He's a blind therapy doggo having a h*ckin blast high steppin around in the snow. 14/10 would follow anywhere https://t.co/SHAb1wHjMz,2017-02-16 17:00:25,832273440279240704,doggo,Say hello to Smiley. He's a blind therapy doggo having a h*ckin blast high steppin around in the snow. 14/10 would follow anywhere https://t.co/SHAb1wHjMz,https://pbs.twimg.com/ext_tw_video_thumb/832273373149413377/pu/img/qOqxM0b48fEarmq6.jpg,https://t.co/SHAb1wHjMz,2341,11360,https://pbs.twimg.com/ext_tw_video_thumb/832273373149413377/pu/img/qOqxM0b48fEarmq6.jpg,1,Pembroke,0.134081,True,Ice_bear,0.0519278,False,Pug,0.0443109,True
"https://www.petfinder.com/petdetail/34918210,https://twitter.com/dog_rates/status/832032802820481025/photo/1,https://twitter.com/dog_rates/status/832032802820481025/photo/1,https://twitter.com/dog_rates/status/832032802820481025/photo/1,https://twitter.com/dog_rates/status/832032802820481025/photo/1",,Miguel,10,12,"<a href=""http://twitter.com/download/iphone"" rel=""nofollow"">Twitter for iPhone</a>","This is Miguel. He was the only remaining doggo at the adoption center after the weekend. Let's change that. 12/10

https://t.co/P0bO8mCQwN https://t.co/SU4K34NT4M",2017-02-16 01:04:13,832032802820481025,doggo,"This is Miguel. He was the only remaining doggo at the adoption center after the weekend. Let's change that. 12/10

https://t.co/P0bO8mCQwN https://t.co/SU4K34NT4M",https://pbs.twimg.com/media/C4v5a4UWcAIRygc.jpg,https://t.co/SU4K34NT4M,4659,17884,https://pbs.twimg.com/media/C4v5a4UWcAIRygc.jpg,1,Whippet,0.601712,True,Ibizan_hound,0.152662,True,Italian_greyhound,0.135055,True
https://twitter.com/dog_rates/status/831939777352105988/photo/1,,Emanuel,10,12,"<a href=""http://twitter.com/download/iphone"" rel=""nofollow"">Twitter for iPhone</a>",This is Emanuel. He's a h*ckin rare doggo. Dwells in a semi-urban environment. Round features make him extra collectible. 12/10 would so pet https://t.co/k9bzgyVdUT,2017-02-15 18:54:34,831939777352105988,doggo,This is Emanuel. He's a h*ckin rare doggo. Dwells in a semi-urban environment. Round features make him extra collectible. 12/10 would so pet https://t.co/k9bzgyVdUT,https://pbs.twimg.com/media/C4uk0EWWQAAaZm1.jpg,https://t.co/k9bzgyVdUT,6136,24009,https://pbs.twimg.com/media/C4uk0EWWQAAaZm1.jpg,1,Pomeranian,0.153862,True,Marmot,0.0912339,False,Grey_fox,0.0906441,False
https://twitter.com/dog_rates/status/831322785565769729/photo/1,,Pete,10,12,"<a href=""http://twitter.com/download/iphone"" rel=""nofollow"">Twitter for iPhone</a>",This is Pete. He has no eyes. Needs a guide doggo. Also appears to be considerably fluffy af. 12/10 would hug softly https://t.co/Xc0gyovCtK,2017-02-14 02:02:51,831322785565769729,doggo,This is Pete. He has no eyes. Needs a guide doggo. Also appears to be considerably fluffy af. 12/10 would hug softly https://t.co/Xc0gyovCtK,https://pbs.twimg.com/media/C4lzqQ4UEAApzU0.jpg,https://t.co/Xc0gyovCtK,1554,9282,https://pbs.twimg.com/media/C4lzqQ4UEAApzU0.jpg,1,Old_english_sheepdog,0.999715,True,Tibetan_terrier,4.62967e-05,True,Guinea_pig,4.118430000000001e-05,False
https://twitter.com/dog_rates/status/829449946868879360/photo/1,,NaN,10,11,"<a href=""http://twitter.com/download/iphone"" rel=""nofollow"">Twitter for iPhone</a>",Here's a stressed doggo. Had a long day. Many things on her mind. The hat communicates these feelings exquisitely. 11/10 https://t.co/fmRS43mWQB,2017-02-08 22:00:52,829449946868879360,doggo,Here's a stressed doggo. Had a long day. Many things on her mind. The hat communicates these feelings exquisitely. 11/10 https://t.co/fmRS43mWQB,https://pbs.twimg.com/media/C4LMUf8WYAkWz4I.jpg,https://t.co/fmRS43mWQB,2027,10498,https://pbs.twimg.com/media/C4LMUf8WYAkWz4I.jpg,1,Labrador_retriever,0.315163,True,Golden_retriever,0.15321,True,Pekinese,0.13279100000000002,True
https://twitter.com/dog_rates/status/828381636999917570/photo/1,,Doobert,10,14,"<a href=""http://twitter.com/download/iphone"" rel=""nofollow"">Twitter for iPhone</a>",Meet Doobert. He's a deaf doggo. Didn't stop him on the field tho. Absolute legend today. 14/10 would pat head approvingly https://t.co/iCk7zstRA9,2017-02-05 23:15:47,828381636999917570,doggo,Meet Doobert. He's a deaf doggo. Didn't stop him on the field tho. Absolute legend today. 14/10 would pat head approvingly https://t.co/iCk7zstRA9,https://pbs.twimg.com/media/C38Asz1WEAAvzj3.jpg,https://t.co/iCk7zstRA9,2224,12618,https://pbs.twimg.com/media/C38Asz1WEAAvzj3.jpg,1,Bedlington_terrier,0.392535,True,Labrador_retriever,0.0890217,True,Clumber,0.0817998,True
https://twitter.com/dog_rates/status/826958653328592898/photo/1,,Loki,10,12,"<a href=""http://twitter.com/download/iphone"" rel=""nofollow"">Twitter for iPhone</a>",This is Loki. He smiles like Elvis. Ain't nothin but a hound doggo. 12/10 https://t.co/QV5nx6otZR,2017-02-02 01:01:21,826958653328592898,doggo,This is Loki. He smiles like Elvis. Ain't nothin but a hound doggo. 12/10 https://t.co/QV5nx6otZR,https://pbs.twimg.com/media/C3nygbBWQAAjwcW.jpg,https://t.co/QV5nx6otZR,5024,21641,https://pbs.twimg.com/media/C3nygbBWQAAjwcW.jpg,1,Golden_retriever,0.6173890000000001,True,Labrador_retriever,0.33705300000000005,True,Tennis_ball,0.00855442,False
"https://twitter.com/dog_rates/status/826848821049180160/photo/1,https://twitter.com/dog_rates/status/826848821049180160/photo/1,https://twitter.com/dog_rates/status/826848821049180160/photo/1,https://twitter.com/dog_rates/status/826848821049180160/photo/1",,Cupid,10,13,"<a href=""http://twitter.com/download/iphone"" rel=""nofollow"">Twitter for iPhone</a>",This is Cupid. He was found in the trash. Now he's well on his way to prosthetic front legs and a long happy doggo life. 13/10 heroic af https://t.co/WS0Gha8vRh,2017-02-01 17:44:55,826848821049180160,doggo,This is Cupid. He was found in the trash. Now he's well on his way to prosthetic front legs and a long happy doggo life. 13/10 heroic af https://t.co/WS0Gha8vRh,https://pbs.twimg.com/media/C3mOnZ8WMAAQXRY.jpg,https://t.co/WS0Gha8vRh,10218,36504,https://pbs.twimg.com/media/C3mOnZ_XUAAjr2V.jpg,4,Great_pyrenees,0.858764,True,Golden_retriever,0.0235257,True,Pekinese,0.017103900000000002,True
https://twitter.com/dog_rates/status/826476773533745153/photo/1,,Pilot,10,12,"<a href=""http://twitter.com/download/iphone"" rel=""nofollow"">Twitter for iPhone</a>",This is Pilot. He has mastered the synchronized head tilt and sneaky tongue slip. Usually not unlocked until later doggo days. 12/10 https://t.co/YIV8sw8xkh,2017-01-31 17:06:32,826476773533745153,doggo,This is Pilot. He has mastered the synchronized head tilt and sneaky tongue slip. Usually not unlocked until later doggo days. 12/10 https://t.co/YIV8sw8xkh,https://pbs.twimg.com/media/C3g8M0lWIAEcFgn.jpg,https://t.co/YIV8sw8xkh,4213,18481,https://pbs.twimg.com/media/C3g8M0lWIAEcFgn.jpg,1,German_shepherd,0.7418600000000001,True,Tibetan_mastiff,0.122812,True,Kelpie,0.10046,True
"http://us.blastingnews.com/news/2017/01/kentucky-teen-helps-lost-yellow-labrador-and-gets-a-huge-surprise-001431969.html?sbdht=_pM1QUzk3wsenGU1giO7UnJ5NGGiKRW9AD5xs2MkaDpYY13JxbtKE4w2_,https://twitter.com/dog_rates/status/826204788643753985/photo/1,https://twitter.com/dog_rates/status/826204788643753985/photo/1,https://twitter.com/dog_rates/status/826204788643753985/photo/1,https://twitter.com/dog_rates/status/826204788643753985/photo/1",,NaN,10,13,"<a href=""http://twitter.com/download/iphone"" rel=""nofollow"">Twitter for iPhone</a>","Here's a little more info on Dew, your favorite roaming doggo that went h*ckin viral. 13/10 
https://t.co/1httNYrCeW https://t.co/KvaM8j3jhX",2017-01-30 23:05:46,826204788643753985,doggo,"Here's a little more info on Dew, your favorite roaming doggo that went h*ckin viral. 13/10 
https://t.co/1httNYrCeW https://t.co/KvaM8j3jhX",https://pbs.twimg.com/media/C3dEzahWAAA3QFj.jpg,https://t.co/KvaM8j3jhX,929,4897,https://pbs.twimg.com/media/C3dEza1WcAAhlNU.jpg,2,Labrador_retriever,0.782058,True,Golden_retriever,0.156581,True,Soft-coated_wheaten_terrier,0.00727512,True
https://twitter.com/dog_rates/status/821765923262631936/photo/1,,Duchess,10,13,"<a href=""http://twitter.com/download/iphone"" rel=""nofollow"">Twitter for iPhone</a>",This is Duchess. She uses dark doggo forces to levitate her toys. 13/10 magical af https://t.co/maDNMETA52,2017-01-18 17:07:18,821765923262631936,doggo,This is Duchess. She uses dark doggo forces to levitate her toys. 13/10 magical af https://t.co/maDNMETA52,https://pbs.twimg.com/media/C2d_vnHWEAE9phX.jpg,https://t.co/maDNMETA52,1673,8469,https://pbs.twimg.com/media/C2d_vnHWEAE9phX.jpg,1,Golden_retriever,0.980071,True,Labrador_retriever,0.00875751,True,Saluki,0.00180595,True
https://twitter.com/dog_rates/status/821407182352777218/video/1,,Sundance,10,14,"<a href=""http://twitter.com/download/iphone"" rel=""nofollow"">Twitter for iPhone</a>",This is Sundance. He's a doggo drummer. Even sings a bit on the side. 14/10 entertained af (vid by @sweetsundance) https://t.co/Xn5AQtiqzG,2017-01-17 17:21:47,821407182352777218,doggo,This is Sundance. He's a doggo drummer. Even sings a bit on the side. 14/10 entertained af (vid by @sweetsundance) https://t.co/Xn5AQtiqzG,https://pbs.twimg.com/ext_tw_video_thumb/821407155391725568/pu/img/AJC07gFJDDBuwNTD.jpg,https://t.co/Xn5AQtiqzG,4369,11866,https://pbs.twimg.com/ext_tw_video_thumb/821407155391725568/pu/img/AJC07gFJDDBuwNTD.jpg,1,Irish_setter,0.5054960000000001,True,Vizsla,0.168747,True,Chesapeake_bay_retriever,0.111311,True
https://twitter.com/dog_rates/status/821107785811234820/photo/1,,NaN,10,11,"<a href=""http://twitter.com/download/iphone"" rel=""nofollow"">Twitter for iPhone</a>",Here's a doggo who looks like he's about to give you a list of mythical ingredients to go collect for his potion. 11/10 would obey https://t.co/8SiwKDlRcl,2017-01-16 21:32:06,821107785811234820,doggo,Here's a doggo who looks like he's about to give you a list of mythical ingredients to go collect for his potion. 11/10 would obey https://t.co/8SiwKDlRcl,https://pbs.twimg.com/media/C2UpLA-UcAEK_Fz.jpg,https://t.co/8SiwKDlRcl,2154,9671,https://pbs.twimg.com/media/C2UpLA-UcAEK_Fz.jpg,1,Pomeranian,0.85659,True,Papillon,0.0385365,True,Yorkshire_terrier,0.0331458,True
https://twitter.com/dog_rates/status/819924195358416896/video/1,,NaN,10,11,"<a href=""http://twitter.com/download/iphone"" rel=""nofollow"">Twitter for iPhone</a>",Here we have a doggo who has messed up. He was hoping you wouldn't notice. 11/10 someone help him https://t.co/XdRNXNYD4E,2017-01-13 15:08:56,819924195358416896,doggo,Here we have a doggo who has messed up. He was hoping you wouldn't notice. 11/10 someone help him https://t.co/XdRNXNYD4E,https://pbs.twimg.com/ext_tw_video_thumb/819924138965999617/pu/img/6OIToyT9eLESHXLU.jpg,https://t.co/XdRNXNYD4E,4922,13013,https://pbs.twimg.com/ext_tw_video_thumb/819924138965999617/pu/img/6OIToyT9eLESHXLU.jpg,1,Bathtub,0.100896,False,Shower_curtain,0.0918664,False,Tub,0.049176300000000006,False
"https://twitter.com/dog_rates/status/819006400881917954/photo/1,https://twitter.com/dog_rates/status/819006400881917954/photo/1,https://twitter.com/dog_rates/status/819006400881917954/photo/1,https://twitter.com/dog_rates/status/819006400881917954/photo/1",,Sunny,10,14,"<a href=""http://twitter.com/download/iphone"" rel=""nofollow"">Twitter for iPhone</a>",This is Sunny. She was also a very good First Doggo. 14/10 would also be an absolute honor to pet https://t.co/YOC1fHFCSb,2017-01-11 02:21:57,819006400881917954,doggo,This is Sunny. She was also a very good First Doggo. 14/10 would also be an absolute honor to pet https://t.co/YOC1fHFCSb,https://pbs.twimg.com/media/C12x-IXVQAA08TD.jpg,https://t.co/YOC1fHFCSb,19142,45727,https://pbs.twimg.com/media/C12x-JTVIAAzdfl.jpg,4,Prison,0.907083,False,Palace,0.0200891,False,Umbrella,0.00784954,False
"https://twitter.com/dog_rates/status/819004803107983360/photo/1,https://twitter.com/dog_rates/status/819004803107983360/photo/1,https://twitter.com/dog_rates/status/819004803107983360/photo/1,https://twitter.com/dog_rates/status/819004803107983360/photo/1",,Bo,10,14,"<a href=""http://twitter.com/download/iphone"" rel=""nofollow"">Twitter for iPhone</a>",This is Bo. He was a very good First Doggo. 14/10 would be an absolute honor to pet https://t.co/AdPKrI8BZ1,2017-01-11 02:15:36,819004803107983360,doggo,This is Bo. He was a very good First Doggo. 14/10 would be an absolute honor to pet https://t.co/AdPKrI8BZ1,https://pbs.twimg.com/media/C12whDoVEAALRxa.jpg,https://t.co/AdPKrI8BZ1,37243,87746,https://pbs.twimg.com/media/C12whDoVEAALRxa.jpg,1,Standard_poodle,0.351308,True,Toy_poodle,0.271929,True,Tibetan_terrier,0.0947592,True
https://twitter.com/dog_rates/status/817777686764523521/video/1,,Dido,10,13,"<a href=""http://twitter.com/download/iphone"" rel=""nofollow"">Twitter for iPhone</a>","This is Dido. She's playing the lead role in ""Pupper Stops to Catch Snow Before Resuming Shadow Box with Dried Apple."" 13/10 (IG: didodoggo) https://t.co/m7isZrOBX7",2017-01-07 16:59:28,817777686764523521,doggo,"This is Dido. She's playing the lead role in ""Pupper Stops to Catch Snow Before Resuming Shadow Box with Dried Apple."" 13/10 (IG: didodoggo) https://t.co/m7isZrOBX7",https://pbs.twimg.com/ext_tw_video_thumb/817777588030476288/pu/img/KbuLpE4krHF4VdPf.jpg,https://t.co/m7isZrOBX7,2724,10853,https://pbs.twimg.com/ext_tw_video_thumb/817777588030476288/pu/img/KbuLpE4krHF4VdPf.jpg,1,Curly-coated_retriever,0.733256,True,Flat-coated_retriever,0.214145,True,Irish_water_spaniel,0.029769,True
https://twitter.com/dog_rates/status/817777686764523521/video/1,,Dido,10,13,"<a href=""http://twitter.com/download/iphone"" rel=""nofollow"">Twitter for iPhone</a>","This is Dido. She's playing the lead role in ""Pupper Stops to Catch Snow Before Resuming Shadow Box with Dried Apple."" 13/10 (IG: didodoggo) https://t.co/m7isZrOBX7",2017-01-07 16:59:28,817777686764523521,pupper,"This is Dido. She's playing the lead role in ""Pupper Stops to Catch Snow Before Resuming Shadow Box with Dried Apple."" 13/10 (IG: didodoggo) https://t.co/m7isZrOBX7",https://pbs.twimg.com/ext_tw_video_thumb/817777588030476288/pu/img/KbuLpE4krHF4VdPf.jpg,https://t.co/m7isZrOBX7,2724,10853,https://pbs.twimg.com/ext_tw_video_thumb/817777588030476288/pu/img/KbuLpE4krHF4VdPf.jpg,1,Curly-coated_retriever,0.733256,True,Flat-coated_retriever,0.214145,True,Irish_water_spaniel,0.029769,True
https://twitter.com/dog_rates/status/813910438903693312/photo/1,,Chubbs,10,11,"<a href=""http://twitter.com/download/iphone"" rel=""nofollow"">Twitter for iPhone</a>",This is Chubbs. He dug a hole and now he's stuck in it. Dang h*ckin doggo. 11/10 would assist https://t.co/z1VRj1cYZf,2016-12-28 00:52:25,813910438903693312,doggo,This is Chubbs. He dug a hole and now he's stuck in it. Dang h*ckin doggo. 11/10 would assist https://t.co/z1VRj1cYZf,https://pbs.twimg.com/media/C0uXObSXUAAIzmV.jpg,https://t.co/z1VRj1cYZf,1892,9408,https://pbs.twimg.com/media/C0uXObSXUAAIzmV.jpg,1,Siberian_husky,0.6993550000000001,True,Eskimo_dog,0.256433,True,Norwegian_elkhound,0.0131888,True
https://twitter.com/dog_rates/status/813202720496779264/photo/1,,NaN,10,11,"<a href=""http://twitter.com/download/iphone"" rel=""nofollow"">Twitter for iPhone</a>",Here's a doggo who has concluded that Christmas is entirely too bright. Requests you tone it down a notch. 11/10 https://t.co/cD967DjnIn,2016-12-26 02:00:11,813202720496779264,doggo,Here's a doggo who has concluded that Christmas is entirely too bright. Requests you tone it down a notch. 11/10 https://t.co/cD967DjnIn,https://pbs.twimg.com/media/C0kTjqIXgAAqpRi.jpg,https://t.co/cD967DjnIn,1839,9360,https://pbs.twimg.com/media/C0kTjqIXgAAqpRi.jpg,1,Cocker_spaniel,0.701852,True,Golden_retriever,0.120345,True,Labrador_retriever,0.0363202,True
"https://twitter.com/dog_rates/status/813127251579564032/photo/1,https://twitter.com/dog_rates/status/813127251579564032/photo/1",,NaN,10,11,"<a href=""http://twitter.com/download/iphone"" rel=""nofollow"">Twitter for iPhone</a>",Here's an anonymous doggo that appears to be very done with Christmas. 11/10 cheer up pup https://t.co/BzITyGw3JA,2016-12-25 21:00:18,813127251579564032,doggo,Here's an anonymous doggo that appears to be very done with Christmas. 11/10 cheer up pup https://t.co/BzITyGw3JA,https://pbs.twimg.com/media/C0jO6aBWEAAM28r.jpg,https://t.co/BzITyGw3JA,3183,11994,https://pbs.twimg.com/media/C0jO6aBWEAAM28r.jpg,1,Norwegian_elkhound,0.432416,True,Whippet,0.374223,True,Siberian_husky,0.032462599999999994,True
https://twitter.com/dog_rates/status/813096984823349248/photo/1,,Rocky,10,11,"<a href=""http://twitter.com/download/iphone"" rel=""nofollow"">Twitter for iPhone</a>",This is Rocky. He got triple-doggo-dared. Stuck af. 11/10 someone help him https://t.co/soNL00XWVu,2016-12-25 19:00:02,813096984823349248,doggo,This is Rocky. He got triple-doggo-dared. Stuck af. 11/10 someone help him https://t.co/soNL00XWVu,https://pbs.twimg.com/media/C0izZULWgAAKD-F.jpg,https://t.co/soNL00XWVu,3672,10709,https://pbs.twimg.com/media/C0izZULWgAAKD-F.jpg,1,Great_dane,0.128056,True,Boston_bull,0.117003,True,Kelpie,0.08696430000000001,True
https://twitter.com/dog_rates/status/808106460588765185/photo/1,,NaN,10,12,"<a href=""http://twitter.com/download/iphone"" rel=""nofollow"">Twitter for iPhone</a>",Here we have Burke (pupper) and Dexter (doggo). Pupper wants to be exactly like doggo. Both 12/10 would pet at same time https://t.co/ANBpEYHaho,2016-12-12 00:29:28,808106460588765185,doggo,Here we have Burke (pupper) and Dexter (doggo). Pupper wants to be exactly like doggo. Both 12/10 would pet at same time https://t.co/ANBpEYHaho,https://pbs.twimg.com/media/Czb4iFRXgAIUMiN.jpg,https://t.co/ANBpEYHaho,2240,8911,https://pbs.twimg.com/media/Czb4iFRXgAIUMiN.jpg,1,Golden_retriever,0.426183,True,Labrador_retriever,0.257447,True,Great_pyrenees,0.12648199999999998,True
https://twitter.com/dog_rates/status/808106460588765185/photo/1,,NaN,10,12,"<a href=""http://twitter.com/download/iphone"" rel=""nofollow"">Twitter for iPhone</a>",Here we have Burke (pupper) and Dexter (doggo). Pupper wants to be exactly like doggo. Both 12/10 would pet at same time https://t.co/ANBpEYHaho,2016-12-12 00:29:28,808106460588765185,pupper,Here we have Burke (pupper) and Dexter (doggo). Pupper wants to be exactly like doggo. Both 12/10 would pet at same time https://t.co/ANBpEYHaho,https://pbs.twimg.com/media/Czb4iFRXgAIUMiN.jpg,https://t.co/ANBpEYHaho,2240,8911,https://pbs.twimg.com/media/Czb4iFRXgAIUMiN.jpg,1,Golden_retriever,0.426183,True,Labrador_retriever,0.257447,True,Great_pyrenees,0.12648199999999998,True
"https://twitter.com/dog_rates/status/801115127852503040/photo/1,https://twitter.com/dog_rates/status/801115127852503040/photo/1",,Bones,10,12,"<a href=""http://twitter.com/download/iphone"" rel=""nofollow"">Twitter for iPhone</a>",This is Bones. He's being haunted by another doggo of roughly the same size. 12/10 deep breaths pupper everything's fine https://t.co/55Dqe0SJNj,2016-11-22 17:28:25,801115127852503040,doggo,This is Bones. He's being haunted by another doggo of roughly the same size. 12/10 deep breaths pupper everything's fine https://t.co/55Dqe0SJNj,https://pbs.twimg.com/media/Cx4h7zHUsAAqaJd.jpg,https://t.co/55Dqe0SJNj,2139,8193,https://pbs.twimg.com/media/Cx4h7zHUsAAqaJd.jpg,1,Dalmatian,0.823356,True,English_setter,0.0946019,True,Bluetick,0.0219534,True
"https://twitter.com/dog_rates/status/801115127852503040/photo/1,https://twitter.com/dog_rates/status/801115127852503040/photo/1",,Bones,10,12,"<a href=""http://twitter.com/download/iphone"" rel=""nofollow"">Twitter for iPhone</a>",This is Bones. He's being haunted by another doggo of roughly the same size. 12/10 deep breaths pupper everything's fine https://t.co/55Dqe0SJNj,2016-11-22 17:28:25,801115127852503040,pupper,This is Bones. He's being haunted by another doggo of roughly the same size. 12/10 deep breaths pupper everything's fine https://t.co/55Dqe0SJNj,https://pbs.twimg.com/media/Cx4h7zHUsAAqaJd.jpg,https://t.co/55Dqe0SJNj,2139,8193,https://pbs.twimg.com/media/Cx4h7zHUsAAqaJd.jpg,1,Dalmatian,0.823356,True,English_setter,0.0946019,True,Bluetick,0.0219534,True
https://twitter.com/dog_rates/status/800018252395122689/video/1,,NaN,10,11,"<a href=""http://twitter.com/download/iphone"" rel=""nofollow"">Twitter for iPhone</a>",Here's a doggo doin a struggle. 11/10 much determined https://t.co/gQqRBfkX4I,2016-11-19 16:49:49,800018252395122689,doggo,Here's a doggo doin a struggle. 11/10 much determined https://t.co/gQqRBfkX4I,https://pbs.twimg.com/ext_tw_video_thumb/800018199223959552/pu/img/3Qp73edtkZO-qWPy.jpg,https://t.co/gQqRBfkX4I,13410,28804,https://pbs.twimg.com/ext_tw_video_thumb/800018199223959552/pu/img/3Qp73edtkZO-qWPy.jpg,1,Vacuum,0.289485,False,Punching_bag,0.243297,False,Barbell,0.14363,False
"https://twitter.com/dog_rates/status/799757965289017345/photo/1,https://twitter.com/dog_rates/status/799757965289017345/photo/1,https://twitter.com/dog_rates/status/799757965289017345/photo/1,https://twitter.com/dog_rates/status/799757965289017345/photo/1",,Sobe,10,13,"<a href=""http://twitter.com/download/iphone"" rel=""nofollow"">Twitter for iPhone</a>",This is Sobe. She's a h*ckin happy doggo. Only one leg tho. Must have good balance. 13/10 would smile back https://t.co/OiH8PaOxB1,2016-11-18 23:35:32,799757965289017345,doggo,This is Sobe. She's a h*ckin happy doggo. Only one leg tho. Must have good balance. 13/10 would smile back https://t.co/OiH8PaOxB1,https://pbs.twimg.com/media/CxlPnoSUcAEXf1i.jpg,https://t.co/OiH8PaOxB1,2206,8520,https://pbs.twimg.com/media/CxlPnoSUcAEXf1i.jpg,1,Border_collie,0.442534,True,Collie,0.288684,True,Shetland_sheepdog,0.196399,True
https://twitter.com/dog_rates/status/796484825502875648/photo/1,,NaN,10,12,"<a href=""http://twitter.com/download/iphone"" rel=""nofollow"">Twitter for iPhone</a>",Here's a sleepy doggo that requested some assistance. 12/10 would carry everywhere https://t.co/bvkkqOjNDV,2016-11-09 22:49:15,796484825502875648,doggo,Here's a sleepy doggo that requested some assistance. 12/10 would carry everywhere https://t.co/bvkkqOjNDV,https://pbs.twimg.com/media/Cw2uty8VQAAB0pL.jpg,https://t.co/bvkkqOjNDV,1790,7698,https://pbs.twimg.com/media/Cw2uty8VQAAB0pL.jpg,1,Cocker_spaniel,0.116924,True,Seat_belt,0.107511,False,Australian_terrier,0.0998434,True
https://twitter.com/dog_rates/status/795464331001561088/video/1,,NaN,10,13,"<a href=""http://twitter.com/download/iphone"" rel=""nofollow"">Twitter for iPhone</a>",Elder doggo does a splash. Both 13/10 incredible stuff https://t.co/gBUDjdEcqz,2016-11-07 03:14:10,795464331001561088,doggo,Elder doggo does a splash. Both 13/10 incredible stuff https://t.co/gBUDjdEcqz,https://pbs.twimg.com/ext_tw_video_thumb/795464066940764160/pu/img/jPkMMQXdydb7CqFX.jpg,https://t.co/gBUDjdEcqz,24071,50368,https://pbs.twimg.com/ext_tw_video_thumb/795464066940764160/pu/img/jPkMMQXdydb7CqFX.jpg,1,Golden_retriever,0.193082,True,Chesapeake_bay_retriever,0.157927,True,Soft-coated_wheaten_terrier,0.124684,True
"https://twitter.com/dog_rates/status/786363235746385920/photo/1,https://twitter.com/dog_rates/status/786363235746385920/photo/1,https://twitter.com/dog_rates/status/786363235746385920/photo/1,https://twitter.com/dog_rates/status/786363235746385920/photo/1",,Rizzo,10,13,"<a href=""http://twitter.com/download/iphone"" rel=""nofollow"">Twitter for iPhone</a>",This is Rizzo. He has many talents. A true renaissance doggo. 13/10 entertaining af https://t.co/TVXpEJB7Wn,2016-10-13 00:29:39,786363235746385920,doggo,This is Rizzo. He has many talents. A true renaissance doggo. 13/10 entertaining af https://t.co/TVXpEJB7Wn,https://pbs.twimg.com/media/Cum5LlfWAAAyPcS.jpg,https://t.co/TVXpEJB7Wn,3558,11026,https://pbs.twimg.com/media/Cum5LlfWAAAyPcS.jpg,1,Golden_retriever,0.929266,True,Labrador_retriever,0.0628667,True,Saluki,0.00215669,True
"https://twitter.com/dog_rates/status/785639753186217984/photo/1,https://twitter.com/dog_rates/status/785639753186217984/photo/1",,Pinot,10,10,"<a href=""http://twitter.com/download/iphone"" rel=""nofollow"">Twitter for iPhone</a>",This is Pinot. He's a sophisticated doggo. You can tell by the hat. Also pointier than your average pupper. Still 10/10 would pet cautiously https://t.co/f2wmLZTPHd,2016-10-11 00:34:48,785639753186217984,doggo,This is Pinot. He's a sophisticated doggo. You can tell by the hat. Also pointier than your average pupper. Still 10/10 would pet cautiously https://t.co/f2wmLZTPHd,https://pbs.twimg.com/media/CucnLmeWAAALOSC.jpg,https://t.co/f2wmLZTPHd,2268,7947,https://pbs.twimg.com/media/CucnLmeWAAALOSC.jpg,1,Porcupine,0.978042,False,Sea_urchin,0.0061063,False,Echidna,0.00544197,False
"https://twitter.com/dog_rates/status/785639753186217984/photo/1,https://twitter.com/dog_rates/status/785639753186217984/photo/1",,Pinot,10,10,"<a href=""http://twitter.com/download/iphone"" rel=""nofollow"">Twitter for iPhone</a>",This is Pinot. He's a sophisticated doggo. You can tell by the hat. Also pointier than your average pupper. Still 10/10 would pet cautiously https://t.co/f2wmLZTPHd,2016-10-11 00:34:48,785639753186217984,pupper,This is Pinot. He's a sophisticated doggo. You can tell by the hat. Also pointier than your average pupper. Still 10/10 would pet cautiously https://t.co/f2wmLZTPHd,https://pbs.twimg.com/media/CucnLmeWAAALOSC.jpg,https://t.co/f2wmLZTPHd,2268,7947,https://pbs.twimg.com/media/CucnLmeWAAALOSC.jpg,1,Porcupine,0.978042,False,Sea_urchin,0.0061063,False,Echidna,0.00544197,False
https://twitter.com/dog_rates/status/782747134529531904/photo/1,,Deacon,10,11,"<a href=""http://twitter.com/download/iphone"" rel=""nofollow"">Twitter for iPhone</a>",This is Deacon. He's the happiest almost dry doggo I've ever seen. 11/10 would smile back https://t.co/C6fUMnHt1H,2016-10-03 01:00:34,782747134529531904,doggo,This is Deacon. He's the happiest almost dry doggo I've ever seen. 11/10 would smile back https://t.co/C6fUMnHt1H,https://pbs.twimg.com/media/CtzgXgeXYAA1Gxw.jpg,https://t.co/C6fUMnHt1H,1430,7557,https://pbs.twimg.com/media/CtzgXgeXYAA1Gxw.jpg,1,Golden_retriever,0.560699,True,Otterhound,0.199482,True,Clumber,0.0406818,True
"https://twitter.com/dog_rates/status/782305867769217024/photo/1,https://twitter.com/dog_rates/status/782305867769217024/photo/1,https://twitter.com/dog_rates/status/782305867769217024/photo/1",,Sampson,10,12,"<a href=""http://twitter.com/download/iphone"" rel=""nofollow"">Twitter for iPhone</a>",This is Sampson. He just graduated. Ready to be a doggo now. Time for the real world. 12/10 have fun with taxes https://t.co/pgVKxRw0s1,2016-10-01 19:47:08,782305867769217024,doggo,This is Sampson. He just graduated. Ready to be a doggo now. Time for the real world. 12/10 have fun with taxes https://t.co/pgVKxRw0s1,https://pbs.twimg.com/media/CttPBt0WIAAcsDE.jpg,https://t.co/pgVKxRw0s1,5630,16842,https://pbs.twimg.com/media/CttPBt0WIAAcsDE.jpg,1,Briard,0.5044270000000001,True,Soft-coated_wheaten_terrier,0.390678,True,Lhasa,0.0345955,True
https://twitter.com/dog_rates/status/775733305207554048/photo/1,,Anakin,10,11,"<a href=""http://twitter.com/download/iphone"" rel=""nofollow"">Twitter for iPhone</a>",This is Anakin. He strives to reach his full doggo potential. Born with blurry tail tho. 11/10 would still pet well https://t.co/9CcBSxCXXG,2016-09-13 16:30:07,775733305207554048,doggo,This is Anakin. He strives to reach his full doggo potential. Born with blurry tail tho. 11/10 would still pet well https://t.co/9CcBSxCXXG,https://pbs.twimg.com/media/CsP1UvaW8AExVSA.jpg,https://t.co/9CcBSxCXXG,4018,13961,https://pbs.twimg.com/media/CsP1UvaW8AExVSA.jpg,1,Long-horned_beetle,0.6138520000000001,False,Ox,0.0294728,False,Rhinoceros_beetle,0.0278061,False
"https://twitter.com/dog_rates/status/775364825476165632/photo/1,https://twitter.com/dog_rates/status/775364825476165632/photo/1,https://twitter.com/dog_rates/status/775364825476165632/photo/1,https://twitter.com/dog_rates/status/775364825476165632/photo/1",,Finley,10,11,"<a href=""http://twitter.com/download/iphone"" rel=""nofollow"">Twitter for iPhone</a>",This is Finley. He's an independent doggo still adjusting to life on his own. 11/10 https://t.co/7FNcBaKbci,2016-09-12 16:05:54,775364825476165632,doggo,This is Finley. He's an independent doggo still adjusting to life on his own. 11/10 https://t.co/7FNcBaKbci,https://pbs.twimg.com/media/CsKmMB1WEAElXc9.jpg,https://t.co/7FNcBaKbci,2995,7455,https://pbs.twimg.com/media/CsKmMB2WAAAXcAy.jpg,3,Beagle,0.571229,True,Chihuahua,0.175257,True,Pembroke,0.034306300000000005,True
https://twitter.com/dog_rates/status/768193404517830656/photo/1,,Gerald,10,8,"<a href=""http://twitter.com/download/iphone"" rel=""nofollow"">Twitter for iPhone</a>",Meet Gerald. He's a fairly exotic doggo. Floofy af. Inadequate knees tho. Self conscious about large forehead. 8/10 https://t.co/WmczvjCWJq,2016-08-23 21:09:14,768193404517830656,doggo,Meet Gerald. He's a fairly exotic doggo. Floofy af. Inadequate knees tho. Self conscious about large forehead. 8/10 https://t.co/WmczvjCWJq,https://pbs.twimg.com/media/Cqkr0wiW8AAn2Oi.jpg,https://t.co/WmczvjCWJq,3560,10908,https://pbs.twimg.com/media/Cqkr0wiW8AAn2Oi.jpg,1,Lion,0.396984,False,Ram,0.30085100000000004,False,Cheetah,0.094474,False
https://twitter.com/dog_rates/status/767191397493538821/photo/1,,NaN,10,13,"<a href=""http://twitter.com/download/iphone"" rel=""nofollow"">Twitter for iPhone</a>",I don't know any of the backstory behind this picture but for some reason I'm crying. 13/10 for owner and doggo https://t.co/QOKZdus9TT,2016-08-21 02:47:37,767191397493538821,doggo,I don't know any of the backstory behind this picture but for some reason I'm crying. 13/10 for owner and doggo https://t.co/QOKZdus9TT,https://pbs.twimg.com/media/CqWcgcqWcAI43jm.jpg,https://t.co/QOKZdus9TT,3782,12358,https://pbs.twimg.com/media/CqWcgcqWcAI43jm.jpg,1,Patio,0.708665,False,Boathouse,0.110056,False,Pier,0.039532300000000006,False
https://twitter.com/dog_rates/status/760893934457552897/photo/1,,Wishes,10,11,"<a href=""http://twitter.com/download/iphone"" rel=""nofollow"">Twitter for iPhone</a>",This is Wishes. He has the day off. Daily struggles of being a doggo have finally caught up with him. 11/10 https://t.co/H9YgrUkYwa,2016-08-03 17:43:45,760893934457552897,doggo,This is Wishes. He has the day off. Daily struggles of being a doggo have finally caught up with him. 11/10 https://t.co/H9YgrUkYwa,https://pbs.twimg.com/media/Co88_ujWEAErCg7.jpg,https://t.co/H9YgrUkYwa,982,3821,https://pbs.twimg.com/media/Co88_ujWEAErCg7.jpg,1,Blenheim_spaniel,0.113992,True,Cocker_spaniel,0.10578,True,Borzoi,0.0739345,True
"https://twitter.com/dog_rates/status/759793422261743616/photo/1,https://twitter.com/dog_rates/status/759793422261743616/photo/1",,Maggie,10,12,"<a href=""http://twitter.com/download/iphone"" rel=""nofollow"">Twitter for iPhone</a>","Meet Maggie &amp; Lila. Maggie is the doggo, Lila is the pupper. They are sisters. Both 12/10 would pet at the same time https://t.co/MYwR4DQKll",2016-07-31 16:50:42,759793422261743616,doggo,"Meet Maggie &amp; Lila. Maggie is the doggo, Lila is the pupper. They are sisters. Both 12/10 would pet at the same time https://t.co/MYwR4DQKll",https://pbs.twimg.com/media/CotUFZFWgAAQOCz.jpg,https://t.co/MYwR4DQKll,1916,5966,https://pbs.twimg.com/media/CotUFZEWcAA2Pku.jpg,2,Golden_retriever,0.985876,True,Labrador_retriever,0.00194777,True,Kuvasz,0.00175174,True
"https://twitter.com/dog_rates/status/759793422261743616/photo/1,https://twitter.com/dog_rates/status/759793422261743616/photo/1",,Maggie,10,12,"<a href=""http://twitter.com/download/iphone"" rel=""nofollow"">Twitter for iPhone</a>","Meet Maggie &amp; Lila. Maggie is the doggo, Lila is the pupper. They are sisters. Both 12/10 would pet at the same time https://t.co/MYwR4DQKll",2016-07-31 16:50:42,759793422261743616,pupper,"Meet Maggie &amp; Lila. Maggie is the doggo, Lila is the pupper. They are sisters. Both 12/10 would pet at the same time https://t.co/MYwR4DQKll",https://pbs.twimg.com/media/CotUFZFWgAAQOCz.jpg,https://t.co/MYwR4DQKll,1916,5966,https://pbs.twimg.com/media/CotUFZEWcAA2Pku.jpg,2,Golden_retriever,0.985876,True,Labrador_retriever,0.00194777,True,Kuvasz,0.00175174,True
https://twitter.com/dog_rates/status/758828659922702336/photo/1,,NaN,10,13,"<a href=""http://twitter.com/download/iphone"" rel=""nofollow"">Twitter for iPhone</a>",This doggo is just waiting for someone to be proud of her and her accomplishment. 13/10 legendary af https://t.co/9T2h14yn4Q,2016-07-29 00:57:05,758828659922702336,doggo,This doggo is just waiting for someone to be proud of her and her accomplishment. 13/10 legendary af https://t.co/9T2h14yn4Q,https://pbs.twimg.com/media/Cofmom_VUAA4dRO.jpg,https://t.co/9T2h14yn4Q,3839,11221,https://pbs.twimg.com/media/Cofmom_VUAA4dRO.jpg,1,Chesapeake_bay_retriever,0.480048,True,Vizsla,0.264522,True,Weimaraner,0.12184,True
"https://twitter.com/dog_rates/status/886366144734445568/photo/1,https://twitter.com/dog_rates/status/886366144734445568/photo/1",,Roscoe,10,12,"<a href=""http://twitter.com/download/iphone"" rel=""nofollow"">Twitter for iPhone</a>",This is Roscoe. Another pupper fallen victim to spontaneous tongue ejections. Get the BlepiPen immediate. 12/10 deep breaths Roscoe https://t.co/RGE08MIJox,2017-07-15 23:25:31,886366144734445568,pupper,This is Roscoe. Another pupper fallen victim to spontaneous tongue ejections. Get the BlepiPen immediate. 12/10 deep breaths Roscoe https://t.co/RGE08MIJox,https://pbs.twimg.com/media/DE0BTnQUwAApKEH.jpg,https://t.co/RGE08MIJox,2875,19721,https://pbs.twimg.com/media/DE0BTnQUwAApKEH.jpg,1,French_bulldog,0.999201,True,Chihuahua,0.000361178,True,Boston_bull,7.55616e-05,True
https://twitter.com/dog_rates/status/882762694511734784/photo/1,,Gus,10,12,"<a href=""http://twitter.com/download/iphone"" rel=""nofollow"">Twitter for iPhone</a>",This is Gus. He's quite the cheeky pupper. Already perfected the disinterested wink. 12/10 would let steal my girl https://t.co/D43I96SlVu,2017-07-06 00:46:41,882762694511734784,pupper,This is Gus. He's quite the cheeky pupper. Already perfected the disinterested wink. 12/10 would let steal my girl https://t.co/D43I96SlVu,https://pbs.twimg.com/media/DEAz_HHXsAA-p_z.jpg,https://t.co/D43I96SlVu,4435,26382,https://pbs.twimg.com/media/DEAz_HHXsAA-p_z.jpg,1,Labrador_retriever,0.85005,True,Chesapeake_bay_retriever,0.074257,True,Flat-coated_retriever,0.015579399999999997,True
https://twitter.com/dog_rates/status/881536004380872706/video/1,,NaN,10,14,"<a href=""http://twitter.com/download/iphone"" rel=""nofollow"">Twitter for iPhone</a>","Here is a pupper approaching maximum borkdrive. Zooming at never before seen speeds. 14/10 paw-inspiring af 
(IG: puffie_the_chow) https://t.co/ghXBIIeQZF",2017-07-02 15:32:16,881536004380872706,pupper,"Here is a pupper approaching maximum borkdrive. Zooming at never before seen speeds. 14/10 paw-inspiring af 
(IG: puffie_the_chow) https://t.co/ghXBIIeQZF",https://pbs.twimg.com/ext_tw_video_thumb/881535971568889856/pu/img/9bawiZ--8FKywTkz.jpg,https://t.co/ghXBIIeQZF,14496,46185,https://pbs.twimg.com/ext_tw_video_thumb/881535971568889856/pu/img/9bawiZ--8FKywTkz.jpg,1,Samoyed,0.281463,True,Angora,0.272066,False,Persian_cat,0.114854,False
"https://twitter.com/dog_rates/status/876838120628539392/photo/1,https://twitter.com/dog_rates/status/876838120628539392/photo/1",,Ginger,10,12,"<a href=""http://twitter.com/download/iphone"" rel=""nofollow"">Twitter for iPhone</a>",This is Ginger. She's having a ruff Monday. Too many pupper things going on. H*ckin exhausting. 12/10 would snug passionately https://t.co/j211oCDRs6,2017-06-19 16:24:33,876838120628539392,pupper,This is Ginger. She's having a ruff Monday. Too many pupper things going on. H*ckin exhausting. 12/10 would snug passionately https://t.co/j211oCDRs6,https://pbs.twimg.com/media/DCsnnZsVwAEfkyi.jpg,https://t.co/j211oCDRs6,3036,19364,https://pbs.twimg.com/media/DCsnnZsVwAEfkyi.jpg,1,Bloodhound,0.575751,True,Redbone,0.24097,True,Tibetan_mastiff,0.08893480000000001,True
https://twitter.com/dog_rates/status/874296783580663808/photo/1,,Jed,10,13,"<a href=""http://twitter.com/download/iphone"" rel=""nofollow"">Twitter for iPhone</a>",This is Jed. He may be the fanciest pupper in the game right now. Knows it too. 13/10 would sign modeling contract https://t.co/0YplNnSMEm,2017-06-12 16:06:11,874296783580663808,pupper,This is Jed. He may be the fanciest pupper in the game right now. Knows it too. 13/10 would sign modeling contract https://t.co/0YplNnSMEm,https://pbs.twimg.com/media/DCIgSR0XgAANEOY.jpg,https://t.co/0YplNnSMEm,3760,24400,https://pbs.twimg.com/media/DCIgSR0XgAANEOY.jpg,1,Cocker_spaniel,0.437216,True,Miniature_poodle,0.277191,True,Toy_poodle,0.157402,True
"https://www.gofundme.com/help-my-baby-sierra-get-better,https://twitter.com/dog_rates/status/873213775632977920/photo/1,https://twitter.com/dog_rates/status/873213775632977920/photo/1",,Sierra,10,12,"<a href=""http://twitter.com/download/iphone"" rel=""nofollow"">Twitter for iPhone</a>","This is Sierra. She's one precious pupper. Absolute 12/10. Been in and out of ICU her whole life. Help Sierra below

https://t.co/Xp01EU3qyD https://t.co/V5lkvrGLdQ",2017-06-09 16:22:42,873213775632977920,pupper,"This is Sierra. She's one precious pupper. Absolute 12/10. Been in and out of ICU her whole life. Help Sierra below

https://t.co/Xp01EU3qyD https://t.co/V5lkvrGLdQ",https://pbs.twimg.com/media/DB5HTBGXUAE0TiK.jpg,https://t.co/V5lkvrGLdQ,1457,6716,https://pbs.twimg.com/media/DB5HTBGXUAE0TiK.jpg,1,Vizsla,0.6197819999999999,True,Bloodhound,0.338069,True,Chesapeake_bay_retriever,0.0126763,True
"https://twitter.com/dog_rates/status/871762521631449091/photo/1,https://twitter.com/dog_rates/status/871762521631449091/photo/1,https://twitter.com/dog_rates/status/871762521631449091/photo/1",,Rover,10,12,"<a href=""http://twitter.com/download/iphone"" rel=""nofollow"">Twitter for iPhone</a>",This is Rover. As part of pupper protocol he had to at least attempt to eat the plant. Confirmed not tasty. Needs peanut butter. 12/10 https://t.co/AiVljI6QCg,2017-06-05 16:15:56,871762521631449091,pupper,This is Rover. As part of pupper protocol he had to at least attempt to eat the plant. Confirmed not tasty. Needs peanut butter. 12/10 https://t.co/AiVljI6QCg,https://pbs.twimg.com/media/DBkfY59XgAUK52d.jpg,https://t.co/AiVljI6QCg,3207,19012,https://pbs.twimg.com/media/DBkfY58XcAEdzZy.jpg,2,Labrador_retriever,0.921393,True,Golden_retriever,0.064608,True,Bloodhound,0.00338337,True
"https://twitter.com/dog_rates/status/866450705531457537/photo/1,https://twitter.com/dog_rates/status/866450705531457537/photo/1",,Jamesy,10,13,"<a href=""http://twitter.com/download/iphone"" rel=""nofollow"">Twitter for iPhone</a>","This is Jamesy. He gives a kiss to every other pupper he sees on his walk. 13/10 such passion, much tender https://t.co/wk7TfysWHr",2017-05-22 00:28:40,866450705531457537,pupper,"This is Jamesy. He gives a kiss to every other pupper he sees on his walk. 13/10 such passion, much tender https://t.co/wk7TfysWHr",https://pbs.twimg.com/media/DAZAUfBXYAAHtni.jpg,https://t.co/wk7TfysWHr,32766,115918,https://pbs.twimg.com/media/DAZAUfBXcAAG_Nn.jpg,2,French_bulldog,0.905334,True,Boston_bull,0.0780597,True,Pug,0.00177092,True
"https://twitter.com/dog_rates/status/854120357044912130/photo/1,https://twitter.com/dog_rates/status/854120357044912130/photo/1,https://twitter.com/dog_rates/status/854120357044912130/photo/1,https://twitter.com/dog_rates/status/854120357044912130/photo/1",,NaN,10,14,"<a href=""http://twitter.com/download/iphone"" rel=""nofollow"">Twitter for iPhone</a>",Sometimes you guys remind me just how impactful a pupper can be. Cooper will be remembered as a good boy by so many. 14/10 rest easy friend https://t.co/oBL7LEJEzR,2017-04-17 23:52:16,854120357044912130,pupper,Sometimes you guys remind me just how impactful a pupper can be. Cooper will be remembered as a good boy by so many. 14/10 rest easy friend https://t.co/oBL7LEJEzR,https://pbs.twimg.com/media/C9px7ipVwAAAJCZ.jpg,https://t.co/oBL7LEJEzR,7185,31063,https://pbs.twimg.com/media/C9px7jyVwAAnmwN.jpg,4,Black-and-tan_coonhound,0.8548610000000001,True,Doberman,0.0507918,True,Bluetick,0.0217617,True
"https://twitter.com/dog_rates/status/850019790995546112/photo/1,https://twitter.com/dog_rates/status/850019790995546112/photo/1,https://twitter.com/dog_rates/status/850019790995546112/photo/1",,Boomer,10,12,"<a href=""http://twitter.com/download/iphone"" rel=""nofollow"">Twitter for iPhone</a>",Say hello to Boomer. He's a sandy pupper. Having a h*ckin blast. 12/10 would pet passionately https://t.co/ecb3LvExde,2017-04-06 16:18:05,850019790995546112,pupper,Say hello to Boomer. He's a sandy pupper. Having a h*ckin blast. 12/10 would pet passionately https://t.co/ecb3LvExde,https://pbs.twimg.com/media/C8vgfFzXkAAonQR.jpg,https://t.co/ecb3LvExde,4753,19992,https://pbs.twimg.com/media/C8vgfTsXgAA561h.jpg,3,Shetland_sheepdog,0.759907,True,Collie,0.107405,True,Pembroke,0.052335300000000015,True
https://twitter.com/dog_rates/status/845306882940190720/photo/1,,Pickles,10,12,"<a href=""http://twitter.com/download/iphone"" rel=""nofollow"">Twitter for iPhone</a>",This is Pickles. She's a silly pupper. Thinks she's a dish. 12/10 would dry https://t.co/7mPCF4ZwEk,2017-03-24 16:10:40,845306882940190720,pupper,This is Pickles. She's a silly pupper. Thinks she's a dish. 12/10 would dry https://t.co/7mPCF4ZwEk,https://pbs.twimg.com/media/C7siH5DXkAACnDT.jpg,https://t.co/7mPCF4ZwEk,5310,23056,https://pbs.twimg.com/media/C7siH5DXkAACnDT.jpg,1,Irish_water_spaniel,0.567475,True,Labrador_retriever,0.169496,True,Curly-coated_retriever,0.101518,True
"https://twitter.com/dog_rates/status/837820167694528512/photo/1,https://twitter.com/dog_rates/status/837820167694528512/photo/1",,NaN,10,12,"<a href=""http://twitter.com/download/iphone"" rel=""nofollow"">Twitter for iPhone</a>","Here's a pupper before and after being asked ""who's a good girl?"" Unsure as h*ck. 12/10 hint hint it's you https://t.co/ORiK6jlgdH",2017-03-04 00:21:08,837820167694528512,pupper,"Here's a pupper before and after being asked ""who's a good girl?"" Unsure as h*ck. 12/10 hint hint it's you https://t.co/ORiK6jlgdH",https://pbs.twimg.com/media/C6CI_jbVAAA3-a1.jpg,https://t.co/ORiK6jlgdH,7807,33960,https://pbs.twimg.com/media/C6CI_jbVAAA3-a1.jpg,1,Golden_retriever,0.887625,True,Labrador_retriever,0.0687175,True,Kuvasz,0.0303868,True
https://twitter.com/dog_rates/status/837110210464448512/photo/1,,Clark,10,13,"<a href=""http://twitter.com/download/iphone"" rel=""nofollow"">Twitter for iPhone</a>",This is Clark. He passed pupper training today. Round of appaws for Clark. 13/10 https://t.co/7pUjwe8X6B,2017-03-02 01:20:01,837110210464448512,pupper,This is Clark. He passed pupper training today. Round of appaws for Clark. 13/10 https://t.co/7pUjwe8X6B,https://pbs.twimg.com/media/C54DS1kXQAEU5pS.jpg,https://t.co/7pUjwe8X6B,2353,16008,https://pbs.twimg.com/media/C54DS1kXQAEU5pS.jpg,1,Siberian_husky,0.767696,True,Eskimo_dog,0.217079,True,Malamute,0.0116568,True
https://twitter.com/dog_rates/status/836380477523124226/photo/1,,Ava,10,12,"<a href=""http://twitter.com/download/iphone"" rel=""nofollow"">Twitter for iPhone</a>","This is Ava. She just blasted off. Streamline af. Aerodynamic as h*ck. One small step for pupper, one giant leap for pupkind. 12/10 https://t.co/W4KffrdX3Q",2017-02-28 01:00:19,836380477523124226,pupper,"This is Ava. She just blasted off. Streamline af. Aerodynamic as h*ck. One small step for pupper, one giant leap for pupkind. 12/10 https://t.co/W4KffrdX3Q",https://pbs.twimg.com/media/C5trm6iWgAQ22Hw.jpg,https://t.co/W4KffrdX3Q,2980,14716,https://pbs.twimg.com/media/C5trm6iWgAQ22Hw.jpg,1,Wooden_spoon,0.08248860000000001,False,Sliding_door,0.0610165,False,Grand_piano,0.0550861,False
"https://twitter.com/dog_rates/status/833124694597443584/photo/1,https://twitter.com/dog_rates/status/833124694597443584/photo/1,https://twitter.com/dog_rates/status/833124694597443584/photo/1",,Gidget,10,12,"<a href=""http://twitter.com/download/iphone"" rel=""nofollow"">Twitter for iPhone</a>",This is Gidget. She's a spy pupper. Stealthy as h*ck. Must've slipped pup and got caught. 12/10 would forgive then pet https://t.co/zD97KYFaFa,2017-02-19 01:23:00,833124694597443584,pupper,This is Gidget. She's a spy pupper. Stealthy as h*ck. Must've slipped pup and got caught. 12/10 would forgive then pet https://t.co/zD97KYFaFa,https://pbs.twimg.com/media/C4_ad1GVcAAgvx6.jpg,https://t.co/zD97KYFaFa,4834,20198,https://pbs.twimg.com/media/C4_ad1IUoAEspsk.jpg,3,Cardigan,0.7105229999999999,True,Kelpie,0.106102,True,Shopping_cart,0.0554755,False
"https://twitter.com/dog_rates/status/831315979191906304/photo/1,https://twitter.com/dog_rates/status/831315979191906304/photo/1,https://twitter.com/dog_rates/status/831315979191906304/photo/1,https://twitter.com/dog_rates/status/831315979191906304/photo/1",,NaN,10,13,"<a href=""http://twitter.com"" rel=""nofollow"">Twitter Web Client</a>",I couldn't make it to the #WKCDogShow BUT I have people there on the ground relaying me the finest pupper pics possible. 13/10 for all https://t.co/jd6lYhfdH4,2017-02-14 01:35:49,831315979191906304,pupper,I couldn't make it to the #WKCDogShow BUT I have people there on the ground relaying me the finest pupper pics possible. 13/10 for all https://t.co/jd6lYhfdH4,https://pbs.twimg.com/media/C4lsfO-WMAAWQQj.jpg,https://t.co/jd6lYhfdH4,1128,6542,https://pbs.twimg.com/media/C4lst0bXAAE6MP8.jpg,4,Briard,0.982755,True,Soft-coated_wheaten_terrier,0.00908435,True,Bouvier_des_flandres,0.0046928,True
"https://twitter.com/dog_rates/status/827933404142436356/photo/1,https://twitter.com/dog_rates/status/827933404142436356/photo/1,https://twitter.com/dog_rates/status/827933404142436356/photo/1",,Kona,10,12,"<a href=""http://twitter.com/download/iphone"" rel=""nofollow"">Twitter for iPhone</a>",This is Kona. Yesterday she stopped by the department to see what it takes to be a police pupper. 12/10 vest was only a smidge too big https://t.co/j8D3PQJvpJ,2017-02-04 17:34:40,827933404142436356,pupper,This is Kona. Yesterday she stopped by the department to see what it takes to be a police pupper. 12/10 vest was only a smidge too big https://t.co/j8D3PQJvpJ,https://pbs.twimg.com/media/C31pCN3VYAACW00.jpg,https://t.co/j8D3PQJvpJ,5271,20174,https://pbs.twimg.com/media/C31pCN4UcAAOLNH.jpg,2,German_shepherd,0.8061149999999999,True,Tibetan_mastiff,0.104831,True,Kelpie,0.0381482,True
https://twitter.com/dog_rates/status/824325613288833024/photo/1,,NaN,10,13,"<a href=""http://twitter.com/download/iphone"" rel=""nofollow"">Twitter for iPhone</a>",Retweet the h*ck out of this 13/10 pupper #BellLetsTalk https://t.co/wBmc7OaGvS,2017-01-25 18:38:36,824325613288833024,pupper,Retweet the h*ck out of this 13/10 pupper #BellLetsTalk https://t.co/wBmc7OaGvS,https://pbs.twimg.com/media/C3CXxaoWQAAiLuC.jpg,https://t.co/wBmc7OaGvS,10591,11896,https://pbs.twimg.com/media/C3CXxaoWQAAiLuC.jpg,1,Pembroke,0.990793,True,Cardigan,0.00891939,True,Basenji,0.000262264,True
"https://twitter.com/dog_rates/status/822462944365645825/photo/1,https://twitter.com/dog_rates/status/822462944365645825/photo/1,https://twitter.com/dog_rates/status/822462944365645825/photo/1,https://twitter.com/dog_rates/status/822462944365645825/photo/1",,Gabe,10,14,"<a href=""http://twitter.com/download/iphone"" rel=""nofollow"">Twitter for iPhone</a>","This is Gabe. He was the unequivocal embodiment of a dream meme, but also one h*ck of a pupper. You will be missed by so many. 14/10 RIP https://t.co/M3hZGadUuO",2017-01-20 15:17:01,822462944365645825,pupper,"This is Gabe. He was the unequivocal embodiment of a dream meme, but also one h*ck of a pupper. You will be missed by so many. 14/10 RIP https://t.co/M3hZGadUuO",https://pbs.twimg.com/media/C2n5rUUXgAIaNvz.jpg,https://t.co/M3hZGadUuO,14431,28228,https://pbs.twimg.com/media/C2n5rUUXEAIXAtv.jpg,3,Pomeranian,0.960199,True,Samoyed,0.0230563,True,Maltese_dog,0.00894488,True
https://twitter.com/dog_rates/status/815966073409433600/video/1,,NaN,10,13,"<a href=""http://twitter.com/download/iphone"" rel=""nofollow"">Twitter for iPhone</a>",Here's a pupper with squeaky hiccups. Please enjoy. 13/10 https://t.co/MiMKtsLN6k,2017-01-02 17:00:46,815966073409433600,pupper,Here's a pupper with squeaky hiccups. Please enjoy. 13/10 https://t.co/MiMKtsLN6k,https://pbs.twimg.com/ext_tw_video_thumb/815965888126062592/pu/img/JleSw4wRhgKDWQj5.jpg,https://t.co/MiMKtsLN6k,8562,22668,https://pbs.twimg.com/ext_tw_video_thumb/815965888126062592/pu/img/JleSw4wRhgKDWQj5.jpg,1,Tibetan_mastiff,0.506312,True,Tibetan_terrier,0.29569,True,Otterhound,0.0362507,True
https://twitter.com/dog_rates/status/814986499976527872/photo/1,,Cooper,10,11,"<a href=""http://twitter.com/download/iphone"" rel=""nofollow"">Twitter for iPhone</a>",This is Cooper. Someone attacked him with a sharpie. Poor pupper. 11/10 nifty tongue slip tho https://t.co/01vpuRDXQ8,2016-12-31 00:08:17,814986499976527872,pupper,This is Cooper. Someone attacked him with a sharpie. Poor pupper. 11/10 nifty tongue slip tho https://t.co/01vpuRDXQ8,https://pbs.twimg.com/media/C09p5dJWIAE5qKL.jpg,https://t.co/01vpuRDXQ8,1293,7744,https://pbs.twimg.com/media/C09p5dJWIAE5qKL.jpg,1,Dalmatian,0.999828,True,Boxer,6.78061e-05,True,American_staffordshire_terrier,3.42436e-05,True
https://twitter.com/dog_rates/status/811386762094317568/photo/1,,Craig,10,11,"<a href=""http://twitter.com/download/iphone"" rel=""nofollow"">Twitter for iPhone</a>",This is Craig. That's actually a normal sized fence he's stuck on. H*ckin massive pupper. 11/10 someone help him https://t.co/aAUXzoxaBy,2016-12-21 01:44:13,811386762094317568,pupper,This is Craig. That's actually a normal sized fence he's stuck on. H*ckin massive pupper. 11/10 someone help him https://t.co/aAUXzoxaBy,https://pbs.twimg.com/media/C0Kf9PtWQAEW4sE.jpg,https://t.co/aAUXzoxaBy,6481,21203,https://pbs.twimg.com/media/C0Kf9PtWQAEW4sE.jpg,1,Pembroke,0.804177,True,Cardigan,0.18989,True,Beagle,0.00196475,True
https://twitter.com/dog_rates/status/808733504066486276/photo/1,,NaN,10,12,"<a href=""http://twitter.com/download/iphone"" rel=""nofollow"">Twitter for iPhone</a>",Here's a pupper in a onesie. Quite pupset about it. Currently plotting revenge. 12/10 would rescue https://t.co/xQfrbNK3HD,2016-12-13 18:01:07,808733504066486276,pupper,Here's a pupper in a onesie. Quite pupset about it. Currently plotting revenge. 12/10 would rescue https://t.co/xQfrbNK3HD,https://pbs.twimg.com/media/Czky0v9VIAEXRkd.jpg,https://t.co/xQfrbNK3HD,2201,8017,https://pbs.twimg.com/media/Czky0v9VIAEXRkd.jpg,1,Seat_belt,0.779137,False,Toy_poodle,0.0369271,True,Golden_retriever,0.016972499999999998,True
"https://twitter.com/dog_rates/status/807621403335917568/photo/1,https://twitter.com/dog_rates/status/807621403335917568/photo/1,https://twitter.com/dog_rates/status/807621403335917568/photo/1,https://twitter.com/dog_rates/status/807621403335917568/photo/1",,Ollie,10,14,"<a href=""http://twitter.com/download/iphone"" rel=""nofollow"">Twitter for iPhone</a>",This is Ollie Vue. He was a 3 legged pupper on a mission to overcome everything. This is very hard to write. 14/10 we will miss you Ollie https://t.co/qTRY2qX9y4,2016-12-10 16:22:02,807621403335917568,pupper,This is Ollie Vue. He was a 3 legged pupper on a mission to overcome everything. This is very hard to write. 14/10 we will miss you Ollie https://t.co/qTRY2qX9y4,https://pbs.twimg.com/media/CzU_YVGUoAA1Bla.jpg,https://t.co/qTRY2qX9y4,3685,14791,https://pbs.twimg.com/media/CzU_YVGUUAA3Xsd.jpg,3,Golden_retriever,0.873233,True,Cocker_spaniel,0.0336933,True,Chow,0.0204084,True
https://twitter.com/dog_rates/status/803638050916102144/video/1,,NaN,10,13,"<a href=""http://twitter.com/download/iphone"" rel=""nofollow"">Twitter for iPhone</a>",Pupper hath acquire enemy. 13/10 https://t.co/ns9qoElfsX,2016-11-29 16:33:36,803638050916102144,pupper,Pupper hath acquire enemy. 13/10 https://t.co/ns9qoElfsX,https://pbs.twimg.com/ext_tw_video_thumb/803638023904559104/pu/img/vxm0Htm5iIV7EOAQ.jpg,https://t.co/ns9qoElfsX,4213,11104,https://pbs.twimg.com/ext_tw_video_thumb/803638023904559104/pu/img/vxm0Htm5iIV7EOAQ.jpg,1,Labrador_retriever,0.372776,True,Golden_retriever,0.343666,True,Great_pyrenees,0.0672423,True
https://twitter.com/dog_rates/status/800459316964663297/photo/1,,NaN,10,12,"<a href=""http://twitter.com/download/iphone"" rel=""nofollow"">Twitter for iPhone</a>",Here's a very sleepy pupper. Appears to be portable as h*ck. 12/10 would snug intensely https://t.co/61sX7pW5Ca,2016-11-20 22:02:27,800459316964663297,pupper,Here's a very sleepy pupper. Appears to be portable as h*ck. 12/10 would snug intensely https://t.co/61sX7pW5Ca,https://pbs.twimg.com/media/CxvNfrhWQAA2hKM.jpg,https://t.co/61sX7pW5Ca,2209,9658,https://pbs.twimg.com/media/CxvNfrhWQAA2hKM.jpg,1,Teddy,0.31192800000000004,False,Ice_bear,0.184657,False,Christmas_stocking,0.173229,False
"https://twitter.com/dog_rates/status/797971864723324932/photo/1,https://twitter.com/dog_rates/status/797971864723324932/photo/1",,NaN,10,12,"<a href=""http://twitter.com/download/iphone"" rel=""nofollow"">Twitter for iPhone</a>",Here's a helicopter pupper. He takes off at random. H*ckin hard to control. 12/10 rare af https://t.co/GRWPgNKt2z,2016-11-14 01:18:12,797971864723324932,pupper,Here's a helicopter pupper. He takes off at random. H*ckin hard to control. 12/10 rare af https://t.co/GRWPgNKt2z,https://pbs.twimg.com/media/CxL3IWeVEAAAIE2.jpg,https://t.co/GRWPgNKt2z,3170,11778,https://pbs.twimg.com/media/CxL3IWeVEAAAIE2.jpg,1,American_staffordshire_terrier,0.489845,True,Chihuahua,0.30576,True,Staffordshire_bullterrier,0.0727991,True
"https://twitter.com/dog_rates/status/794205286408003585/photo/1,https://twitter.com/dog_rates/status/794205286408003585/photo/1,https://twitter.com/dog_rates/status/794205286408003585/photo/1",,Laika,10,14,"<a href=""http://twitter.com/download/iphone"" rel=""nofollow"">Twitter for iPhone</a>",This is Laika. She was a space pupper. The first space pupper actually. Orbited earth like a h*ckin boss. 14/10 hero af https://t.co/trSjgY3h4g,2016-11-03 15:51:10,794205286408003585,pupper,This is Laika. She was a space pupper. The first space pupper actually. Orbited earth like a h*ckin boss. 14/10 hero af https://t.co/trSjgY3h4g,https://pbs.twimg.com/media/CwWVe_xXAAE6cfO.jpg,https://t.co/trSjgY3h4g,3384,9371,https://pbs.twimg.com/media/CwWVe_3WEAAHAvx.jpg,3,Pedestal,0.66266,False,Fountain,0.294827,False,Brass,0.0203711,False
https://twitter.com/dog_rates/status/779377524342161408/video/1,,NaN,10,12,"<a href=""http://twitter.com/download/iphone"" rel=""nofollow"">Twitter for iPhone</a>",Have you ever seen such a smol pupper? Portable af. 12/10 would keep in shirt pocket https://t.co/KsqaIzlQ12,2016-09-23 17:50:56,779377524342161408,pupper,Have you ever seen such a smol pupper? Portable af. 12/10 would keep in shirt pocket https://t.co/KsqaIzlQ12,https://pbs.twimg.com/ext_tw_video_thumb/779377444025499652/pu/img/eIiLDy9F6rPNarEc.jpg,https://t.co/KsqaIzlQ12,3143,8880,https://pbs.twimg.com/ext_tw_video_thumb/779377444025499652/pu/img/eIiLDy9F6rPNarEc.jpg,1,Sundial,0.17092100000000002,False,Cash_machine,0.0603586,False,Maze,0.0549814,False
"https://twitter.com/dog_rates/status/778039087836069888/photo/1,https://twitter.com/dog_rates/status/778039087836069888/photo/1,https://twitter.com/dog_rates/status/778039087836069888/photo/1,https://twitter.com/dog_rates/status/778039087836069888/photo/1",,NaN,10,12,"<a href=""http://twitter.com/download/iphone"" rel=""nofollow"">Twitter for iPhone</a>",Evolution of a pupper yawn featuring Max. 12/10 groundbreaking stuff https://t.co/t8Y4x9DmVD,2016-09-20 01:12:28,778039087836069888,pupper,Evolution of a pupper yawn featuring Max. 12/10 groundbreaking stuff https://t.co/t8Y4x9DmVD,https://pbs.twimg.com/media/CswmaHoWIAAbO-Y.jpg,https://t.co/t8Y4x9DmVD,2671,8580,https://pbs.twimg.com/media/CswmaHmWAAAbdY9.jpg,2,German_shepherd,0.717776,True,Malinois,0.111175,True,Norwegian_elkhound,0.0588024,True
https://twitter.com/dog_rates/status/778027034220126208/photo/1,,Sophie,10,27,"<a href=""http://twitter.com/download/iphone"" rel=""nofollow"">Twitter for iPhone</a>",This is Sophie. She's a Jubilant Bush Pupper. Super h*ckin rare. Appears at random just to smile at the locals. 11.27/10 would smile back https://t.co/QFaUiIHxHq,2016-09-20 00:24:34,778027034220126208,pupper,This is Sophie. She's a Jubilant Bush Pupper. Super h*ckin rare. Appears at random just to smile at the locals. 11.27/10 would smile back https://t.co/QFaUiIHxHq,https://pbs.twimg.com/media/Cswbc2yWcAAVsCJ.jpg,https://t.co/QFaUiIHxHq,1630,6602,https://pbs.twimg.com/media/Cswbc2yWcAAVsCJ.jpg,1,Clumber,0.946718,True,Cocker_spaniel,0.0159499,True,Lhasa,0.00651911,True
"https://twitter.com/dog_rates/status/776477788987613185/photo/1,https://twitter.com/dog_rates/status/776477788987613185/photo/1",,Huck,10,11,"<a href=""http://twitter.com/download/iphone"" rel=""nofollow"">Twitter for iPhone</a>",This is Huck. He's addicted to caffeine. Hope it's not too latte to seek help. 11/10 stay strong pupper https://t.co/iJE3F0VozW,2016-09-15 17:48:25,776477788987613185,pupper,This is Huck. He's addicted to caffeine. Hope it's not too latte to seek help. 11/10 stay strong pupper https://t.co/iJE3F0VozW,https://pbs.twimg.com/media/CsaaaaxWgAEfzM7.jpg,https://t.co/iJE3F0VozW,2808,8887,https://pbs.twimg.com/media/CsaaaaxWgAEfzM7.jpg,1,Labrador_retriever,0.8848389999999999,True,Chesapeake_bay_retriever,0.0575651,True,Paintbrush,0.00576608,False
https://twitter.com/dog_rates/status/776113305656188928/photo/1,,Sampson,10,11,"<a href=""http://twitter.com/download/iphone"" rel=""nofollow"">Twitter for iPhone</a>",This is Sampson. He's about to get hit with a vicious draw 2. Has no idea. 11/10 poor pupper https://t.co/FYT9QBEnKG,2016-09-14 17:40:06,776113305656188928,pupper,This is Sampson. He's about to get hit with a vicious draw 2. Has no idea. 11/10 poor pupper https://t.co/FYT9QBEnKG,https://pbs.twimg.com/media/CsVO7ljW8AAckRD.jpg,https://t.co/FYT9QBEnKG,4397,11852,https://pbs.twimg.com/media/CsVO7ljW8AAckRD.jpg,1,Mousetrap,0.777468,False,Black_widow,0.0939402,False,Paddlewheel,0.0174919,False
"https://twitter.com/dog_rates/status/773985732834758656/photo/1,https://twitter.com/dog_rates/status/773985732834758656/photo/1,https://twitter.com/dog_rates/status/773985732834758656/photo/1,https://twitter.com/dog_rates/status/773985732834758656/photo/1",,Winnie,10,11,"<a href=""http://twitter.com/download/iphone"" rel=""nofollow"">Twitter for iPhone</a>",Meet Winnie. She just made awkward eye contact with the driver beside her. Poor pupper panicked. 11/10 would comfort https://t.co/RFWtDqTnAz,2016-09-08 20:45:53,773985732834758656,pupper,Meet Winnie. She just made awkward eye contact with the driver beside her. Poor pupper panicked. 11/10 would comfort https://t.co/RFWtDqTnAz,https://pbs.twimg.com/media/Cr2_6RRXYAE1ojW.jpg,https://t.co/RFWtDqTnAz,3902,10796,https://pbs.twimg.com/media/Cr2_6R8WAAAUMtc.jpg,4,Giant_panda,0.451149,False,Fur_coat,0.148001,False,Pug,0.10957,True
https://twitter.com/dog_rates/status/773547596996571136/photo/1,,Chelsea,10,11,"<a href=""http://twitter.com/download/iphone"" rel=""nofollow"">Twitter for iPhone</a>",This is Chelsea. She forgot how to dog. 11/10 get it together pupper https://t.co/nBJ5RE4yHb,2016-09-07 15:44:53,773547596996571136,pupper,This is Chelsea. She forgot how to dog. 11/10 get it together pupper https://t.co/nBJ5RE4yHb,https://pbs.twimg.com/media/Crwxb5yWgAAX5P_.jpg,https://t.co/nBJ5RE4yHb,6221,22256,https://pbs.twimg.com/media/Crwxb5yWgAAX5P_.jpg,1,Norwegian_elkhound,0.372202,True,Chesapeake_bay_retriever,0.13718699999999998,True,Malamute,0.07143619999999999,True
https://twitter.com/dog_rates/status/772193107915964416/photo/1,,Willem,10,12,"<a href=""http://twitter.com/download/iphone"" rel=""nofollow"">Twitter for iPhone</a>",This is Willem. He's a Penn State pupper. Thinks the hood makes him more intimidating. It doesn't. 12/10 https://t.co/Dp0s7MRIHK,2016-09-03 22:02:38,772193107915964416,pupper,This is Willem. He's a Penn State pupper. Thinks the hood makes him more intimidating. It doesn't. 12/10 https://t.co/Dp0s7MRIHK,https://pbs.twimg.com/media/Crdhh_1XEAAHKHi.jpg,https://t.co/Dp0s7MRIHK,1401,6085,https://pbs.twimg.com/media/Crdhh_1XEAAHKHi.jpg,1,Pembroke,0.367945,True,Chihuahua,0.223522,True,Pekinese,0.164871,True
"https://twitter.com/dog_rates/status/765371061932261376/photo/1,https://twitter.com/dog_rates/status/765371061932261376/photo/1",,Louie,10,11,"<a href=""http://twitter.com/download/iphone"" rel=""nofollow"">Twitter for iPhone</a>",This is Louie. He's had a long day. Did a lot of pupper things. Also appears to be rather heckin pettable. 11/10 https://t.co/w2qDmoTIZ5,2016-08-16 02:14:15,765371061932261376,pupper,This is Louie. He's had a long day. Did a lot of pupper things. Also appears to be rather heckin pettable. 11/10 https://t.co/w2qDmoTIZ5,https://pbs.twimg.com/media/Cp8k6oTWIAApLvR.jpg,https://t.co/w2qDmoTIZ5,2178,7093,https://pbs.twimg.com/media/Cp8k6oRWcAUL78U.jpg,2,Golden_retriever,0.829456,True,Labrador_retriever,0.08937089999999999,True,Kuvasz,0.0170275,True
https://twitter.com/dog_rates/status/889665388333682689/photo/1,,NaN,10,13,"<a href=""http://twitter.com/download/iphone"" rel=""nofollow"">Twitter for iPhone</a>",Here's a puppo that seems to be on the fence about something haha no but seriously someone help her. 13/10 https://t.co/BxvuXk0UCm,2017-07-25 01:55:32,889665388333682689,puppo,Here's a puppo that seems to be on the fence about something haha no but seriously someone help her. 13/10 https://t.co/BxvuXk0UCm,https://pbs.twimg.com/media/DFi579UWsAAatzw.jpg,https://t.co/BxvuXk0UCm,9064,44827,https://pbs.twimg.com/media/DFi579UWsAAatzw.jpg,1,Pembroke,0.966327,True,Cardigan,0.0273557,True,Basenji,0.00463323,True
https://twitter.com/dog_rates/status/889531135344209921/photo/1,,Stuart,10,13,"<a href=""http://twitter.com/download/iphone"" rel=""nofollow"">Twitter for iPhone</a>",This is Stuart. He's sporting his favorite fanny pack. Secretly filled with bones only. 13/10 puppared puppo #BarkWeek https://t.co/y70o6h3isq,2017-07-24 17:02:04,889531135344209921,puppo,This is Stuart. He's sporting his favorite fanny pack. Secretly filled with bones only. 13/10 puppared puppo #BarkWeek https://t.co/y70o6h3isq,https://pbs.twimg.com/media/DFg_2PVW0AEHN3p.jpg,https://t.co/y70o6h3isq,2048,14134,https://pbs.twimg.com/media/DFg_2PVW0AEHN3p.jpg,1,Golden_retriever,0.953442,True,Labrador_retriever,0.0138341,True,Redbone,0.00795775,True
"https://twitter.com/dog_rates/status/878776093423087618/photo/1,https://twitter.com/dog_rates/status/878776093423087618/photo/1",,Snoopy,10,13,"<a href=""http://twitter.com/download/iphone"" rel=""nofollow"">Twitter for iPhone</a>",This is Snoopy. He's a proud #PrideMonthPuppo. Impeccable handwriting for not having thumbs. 13/10 would love back #PrideMonth https://t.co/lNZwgNO4gS,2017-06-25 00:45:22,878776093423087618,puppo,This is Snoopy. He's a proud #PrideMonthPuppo. Impeccable handwriting for not having thumbs. 13/10 would love back #PrideMonth https://t.co/lNZwgNO4gS,https://pbs.twimg.com/media/DDIKMXxXcAAbmdp.jpg,https://t.co/lNZwgNO4gS,3718,18113,https://pbs.twimg.com/media/DDIKMXzW0AEibje.jpg,2,Italian_greyhound,0.734684,True,Whippet,0.15048699999999998,True,Ibizan_hound,0.0397246,True
"https://twitter.com/dog_rates/status/874012996292530176/photo/1,https://twitter.com/dog_rates/status/874012996292530176/photo/1",,Sebastian,10,13,"<a href=""http://twitter.com/download/iphone"" rel=""nofollow"">Twitter for iPhone</a>","This is Sebastian. He can't see all the colors of the rainbow, but he can see that this flag makes his human happy. 13/10 #PrideMonth puppo https://t.co/XBE0evJZ6V",2017-06-11 21:18:31,874012996292530176,puppo,"This is Sebastian. He can't see all the colors of the rainbow, but he can see that this flag makes his human happy. 13/10 #PrideMonth puppo https://t.co/XBE0evJZ6V",https://pbs.twimg.com/media/DCEeLxmW0AAHXNk.jpg,https://t.co/XBE0evJZ6V,9365,32129,https://pbs.twimg.com/media/DCEeLxjXsAAvNSM.jpg,2,Cardigan,0.806674,True,Pembroke,0.116622,True,Kelpie,0.0491819,True
https://twitter.com/dog_rates/status/867421006826221569/photo/1,,Shikha,10,12,"<a href=""http://twitter.com/download/iphone"" rel=""nofollow"">Twitter for iPhone</a>",This is Shikha. She just watched you drop a skittle on the ground and still eat it. Could not be less impressed. 12/10 superior puppo https://t.co/XZlZKd73go,2017-05-24 16:44:18,867421006826221569,puppo,This is Shikha. She just watched you drop a skittle on the ground and still eat it. Could not be less impressed. 12/10 superior puppo https://t.co/XZlZKd73go,https://pbs.twimg.com/media/DAmyy8FXYAIH8Ty.jpg,https://t.co/XZlZKd73go,2309,15221,https://pbs.twimg.com/media/DAmyy8FXYAIH8Ty.jpg,1,Eskimo_dog,0.6164569999999999,True,Siberian_husky,0.38133,True,Malamute,0.00167022,True
https://twitter.com/dog_rates/status/859607811541651456/photo/1,,NaN,10,13,"<a href=""http://twitter.com/download/iphone"" rel=""nofollow"">Twitter for iPhone</a>",Sorry for the lack of posts today. I came home from school and had to spend quality time with my puppo. Her name is Zoey and she's 13/10 https://t.co/BArWupFAn0,2017-05-03 03:17:27,859607811541651456,puppo,Sorry for the lack of posts today. I came home from school and had to spend quality time with my puppo. Her name is Zoey and she's 13/10 https://t.co/BArWupFAn0,https://pbs.twimg.com/media/C-3wvtxXcAUTuBE.jpg,https://t.co/BArWupFAn0,1481,17831,https://pbs.twimg.com/media/C-3wvtxXcAUTuBE.jpg,1,Golden_retriever,0.8955290000000001,True,Irish_setter,0.0240993,True,Labrador_retriever,0.0192854,True
https://twitter.com/dog_rates/status/825535076884762624/photo/1,,NaN,10,14,"<a href=""http://twitter.com/download/iphone"" rel=""nofollow"">Twitter for iPhone</a>",Here's a very loving and accepting puppo. Appears to have read her Constitution well. 14/10 would pat head approvingly https://t.co/6ao80wIpV1,2017-01-29 02:44:34,825535076884762624,puppo,Here's a very loving and accepting puppo. Appears to have read her Constitution well. 14/10 would pat head approvingly https://t.co/6ao80wIpV1,https://pbs.twimg.com/media/C3TjvitXAAAI-QH.jpg,https://t.co/6ao80wIpV1,17647,57149,https://pbs.twimg.com/media/C3TjvitXAAAI-QH.jpg,1,Rottweiler,0.681495,True,Tibetan_mastiff,0.14794000000000002,True,Black-and-tan_coonhound,0.0245252,True
"https://www.gofundme.com/my-puppys-double-cataract-surgery,https://twitter.com/dog_rates/status/825026590719483904/photo/1,https://twitter.com/dog_rates/status/825026590719483904/photo/1",,Pablo,10,12,"<a href=""http://twitter.com/download/iphone"" rel=""nofollow"">Twitter for iPhone</a>","Say hello to Pablo. He's one gorgeous puppo. A true 12/10. Click the link to see why Pablo requests your assistance

https://t.co/koHvVQp9bL https://t.co/IhW0JKf7kc",2017-01-27 17:04:02,825026590719483904,puppo,"Say hello to Pablo. He's one gorgeous puppo. A true 12/10. Click the link to see why Pablo requests your assistance

https://t.co/koHvVQp9bL https://t.co/IhW0JKf7kc",https://pbs.twimg.com/media/C3MVTeGWMAAa0m7.jpg,https://t.co/IhW0JKf7kc,1267,6339,https://pbs.twimg.com/media/C3MVTeHWcAAGNfx.jpg,2,Eskimo_dog,0.524454,True,Siberian_husky,0.467678,True,Malamute,0.00497584,True
https://twitter.com/dog_rates/status/822872901745569793/photo/1,,NaN,10,13,"<a href=""http://twitter.com/download/iphone"" rel=""nofollow"">Twitter for iPhone</a>",Here's a super supportive puppo participating in the Toronto  #WomensMarch today. 13/10 https://t.co/nTz3FtorBc,2017-01-21 18:26:02,822872901745569793,puppo,Here's a super supportive puppo participating in the Toronto  #WomensMarch today. 13/10 https://t.co/nTz3FtorBc,https://pbs.twimg.com/media/C2tugXLXgAArJO4.jpg,https://t.co/nTz3FtorBc,43564,132443,https://pbs.twimg.com/media/C2tugXLXgAArJO4.jpg,1,Lakeland_terrier,0.196015,True,Labrador_retriever,0.160329,True,Irish_terrier,0.0691262,True
"https://www.gofundme.com/servicedogoliver,https://twitter.com/dog_rates/status/819952236453363712/photo/1",,Oliver,10,13,"<a href=""http://twitter.com/download/iphone"" rel=""nofollow"">Twitter for iPhone</a>","This is Oliver. He has dreams of being a service puppo so he can help his owner. 13/10 selfless af

make it happen:
https://t.co/f5WMsx0a9K https://t.co/6lJz0DKZIb",2017-01-13 17:00:21,819952236453363712,puppo,"This is Oliver. He has dreams of being a service puppo so he can help his owner. 13/10 selfless af

make it happen:
https://t.co/f5WMsx0a9K https://t.co/6lJz0DKZIb",https://pbs.twimg.com/media/C2EONHNWQAUWxkP.jpg,https://t.co/6lJz0DKZIb,1185,5373,https://pbs.twimg.com/media/C2EONHNWQAUWxkP.jpg,1,American_staffordshire_terrier,0.925505,True,Staffordshire_bullterrier,0.0362215,True,Italian_greyhound,0.020411900000000004,True
"https://twitter.com/dog_rates/status/803773340896923648/photo/1,https://twitter.com/dog_rates/status/803773340896923648/photo/1,https://twitter.com/dog_rates/status/803773340896923648/photo/1,https://twitter.com/dog_rates/status/803773340896923648/photo/1",,Diogi,10,12,"<a href=""http://twitter.com/download/iphone"" rel=""nofollow"">Twitter for iPhone</a>",This is Diogi. He fell in the pool as soon as he was brought home. Clumsy puppo. 12/10 would pet until dry https://t.co/ZxeRjMKaWt,2016-11-30 01:31:12,803773340896923648,puppo,This is Diogi. He fell in the pool as soon as he was brought home. Clumsy puppo. 12/10 would pet until dry https://t.co/ZxeRjMKaWt,https://pbs.twimg.com/media/CyeTku-WgAACd6I.jpg,https://t.co/ZxeRjMKaWt,2790,10204,https://pbs.twimg.com/media/CyeTku-XcAALkBd.jpg,2,Miniature_pinscher,0.817066,True,Redbone,0.0597065,True,Irish_terrier,0.0341952,True
"https://twitter.com/dog_rates/status/802239329049477120/photo/1,https://twitter.com/dog_rates/status/802239329049477120/photo/1",,Loki,10,12,"<a href=""http://twitter.com/download/iphone"" rel=""nofollow"">Twitter for iPhone</a>",This is Loki. He'll do your taxes for you. Can also make room in your budget for all the things you bought today. 12/10 what a puppo https://t.co/5oWrHCWg87,2016-11-25 19:55:35,802239329049477120,puppo,This is Loki. He'll do your taxes for you. Can also make room in your budget for all the things you bought today. 12/10 what a puppo https://t.co/5oWrHCWg87,https://pbs.twimg.com/media/CyIgaTEUkAAZ62t.jpg,https://t.co/5oWrHCWg87,2674,9220,https://pbs.twimg.com/media/CyIgaTEVEAA-9zS.jpg,2,Eskimo_dog,0.482498,True,Siberian_husky,0.335774,True,Malamute,0.134589,True
"https://twitter.com/dog_rates/status/793195938047070209/photo/1,https://twitter.com/dog_rates/status/793195938047070209/photo/1",,Lily,10,12,"<a href=""http://twitter.com/download/iphone"" rel=""nofollow"">Twitter for iPhone</a>",Say hello to Lily. She's pupset that her costume doesn't fit as well as last year. 12/10 poor puppo https://t.co/YSi6K1firY,2016-10-31 21:00:23,793195938047070209,puppo,Say hello to Lily. She's pupset that her costume doesn't fit as well as last year. 12/10 poor puppo https://t.co/YSi6K1firY,https://pbs.twimg.com/media/CwH_fobWEAAfJf8.jpg,https://t.co/YSi6K1firY,5731,15522,https://pbs.twimg.com/media/CwH_foYWgAEvTyI.jpg,2,Labrador_retriever,0.654762,True,Golden_retriever,0.0741,True,Chihuahua,0.0423393,True
https://twitter.com/dog_rates/status/790946055508652032/photo/1,,Betty,10,12,"<a href=""http://twitter.com/download/iphone"" rel=""nofollow"">Twitter for iPhone</a>",This is Betty. She's assisting with the dishes. Such a good puppo. 12/10 h*ckin helpful af https://t.co/dgvTPZ9tgI,2016-10-25 16:00:09,790946055508652032,puppo,This is Betty. She's assisting with the dishes. Such a good puppo. 12/10 h*ckin helpful af https://t.co/dgvTPZ9tgI,https://pbs.twimg.com/media/CvoBPWRWgAA4het.jpg,https://t.co/dgvTPZ9tgI,4770,16890,https://pbs.twimg.com/media/CvoBPWRWgAA4het.jpg,1,Dishwasher,0.700466,False,Golden_retriever,0.245773,True,Chow,0.0390117,True
"https://twitter.com/dog_rates/status/787717603741622272/photo/1,https://twitter.com/dog_rates/status/787717603741622272/photo/1,https://twitter.com/dog_rates/status/787717603741622272/photo/1,https://twitter.com/dog_rates/status/787717603741622272/photo/1",,Tonks,10,13,"<a href=""http://twitter.com/download/iphone"" rel=""nofollow"">Twitter for iPhone</a>",This is Tonks. She is a service puppo. Can hear a caterpillar hiccup from 7 miles away. 13/10 would follow anywhere https://t.co/i622ZbWkUp,2016-10-16 18:11:26,787717603741622272,puppo,This is Tonks. She is a service puppo. Can hear a caterpillar hiccup from 7 miles away. 13/10 would follow anywhere https://t.co/i622ZbWkUp,https://pbs.twimg.com/media/Cu6I9vaWcAI6lYI.jpg,https://t.co/i622ZbWkUp,2821,10404,https://pbs.twimg.com/media/Cu6I9vvWIAAZG0a.jpg,3,German_shepherd,0.992339,True,Malinois,0.00492039,True,Kelpie,0.0008528019999999999,True
https://twitter.com/dog_rates/status/780931614150983680/photo/1,,NaN,10,13,"<a href=""http://twitter.com/download/iphone"" rel=""nofollow"">Twitter for iPhone</a>",I want to finally rate this iconic puppo who thinks the parade is all for him. 13/10 would absolutely attend https://t.co/5dUYOu4b8d,2016-09-28 00:46:20,780931614150983680,puppo,I want to finally rate this iconic puppo who thinks the parade is all for him. 13/10 would absolutely attend https://t.co/5dUYOu4b8d,https://pbs.twimg.com/media/CtZtJxAXEAAyPGd.jpg,https://t.co/5dUYOu4b8d,7409,21862,https://pbs.twimg.com/media/CtZtJxAXEAAyPGd.jpg,1,Padlock,0.731564,False,Necklace,0.0654616,False,Chain,0.0364691,False
